#
# There is insufficient memory for the Java Runtime Environment to continue.
# Native memory allocation (malloc) failed to allocate 869104 bytes. Error detail: Chunk::new
# Possible reasons:
#   The system is out of physical RAM or swap space
#   This process is running with CompressedOops enabled, and the Java Heap may be blocking the growth of the native heap
# Possible solutions:
#   Reduce memory load on the system
#   Increase physical memory or swap space
#   Check if swap backing store is full
#   Decrease Java heap size (-Xmx/-Xms)
#   Decrease number of Java threads
#   Decrease Java thread stack sizes (-Xss)
#   Set larger code cache with -XX:ReservedCodeCacheSize=
#   JVM is running with Unscaled Compressed Oops mode in which the Java heap is
#     placed in the first 4GB address space. The Java Heap base address is the
#     maximum limit for the native heap growth. Please use -XX:HeapBaseMinAddress
#     to set the Java Heap base and to place the Java Heap above 4GB virtual address.
# This output file may be truncated or incomplete.
#
#  Out of Memory Error (arena.cpp:168), pid=27460, tid=25844
#
# JRE version: OpenJDK Runtime Environment (21.0.7) (build 21.0.7+-13880790-b1038.58)
# Java VM: OpenJDK 64-Bit Server VM (21.0.7+-13880790-b1038.58, mixed mode, tiered, compressed oops, compressed class ptrs, g1 gc, windows-amd64)
# No core dump will be written. Minidumps are not enabled by default on client versions of Windows
#

---------------  S U M M A R Y ------------

Command Line: --add-opens=java.base/java.lang=ALL-UNNAMED --add-opens=java.base/java.lang.invoke=ALL-UNNAMED --add-opens=java.base/java.util=ALL-UNNAMED --add-opens=java.prefs/java.util.prefs=ALL-UNNAMED --add-exports=jdk.compiler/com.sun.tools.javac.api=ALL-UNNAMED --add-exports=jdk.compiler/com.sun.tools.javac.util=ALL-UNNAMED --add-opens=java.base/java.util=ALL-UNNAMED --add-opens=java.prefs/java.util.prefs=ALL-UNNAMED --add-opens=java.base/java.nio.charset=ALL-UNNAMED --add-opens=java.base/java.net=ALL-UNNAMED --add-opens=java.base/java.util.concurrent.atomic=ALL-UNNAMED --add-opens=java.xml/javax.xml.namespace=ALL-UNNAMED -Xmx2048m -Dfile.encoding=UTF-8 -Duser.country=US -Duser.language=en -Duser.variant -javaagent:C:\Users\Nguyen Hai Dang\.gradle\wrapper\dists\gradle-8.13-bin\5xuhj0ry160q40clulazy9h7d\gradle-8.13\lib\agents\gradle-instrumentation-agent-8.13.jar org.gradle.launcher.daemon.bootstrap.GradleDaemon 8.13

Host: AMD Ryzen 5 6600H with Radeon Graphics         , 12 cores, 15G,  Windows 11 , 64 bit Build 26100 (10.0.26100.7019)
Time: Tue Dec  2 01:49:52 2025 SE Asia Standard Time elapsed time: 27.686483 seconds (0d 0h 0m 27s)

---------------  T H R E A D  ---------------

Current thread (0x0000020f8c320d10):  JavaThread "C2 CompilerThread1" daemon [_thread_in_native, id=25844, stack(0x000000757c400000,0x000000757c500000) (1024K)]


Current CompileTask:
C2:27686 14345       4       org.gradle.internal.component.model.DefaultExternalModuleComponentGraphResolveState$DefaultConfigurationGraphResolveState::getAttributes (5 bytes)

Stack: [0x000000757c400000,0x000000757c500000]
Native frames: (J=compiled Java code, j=interpreted, Vv=VM code, C=native code)
V  [jvm.dll+0x6d25c9]
V  [jvm.dll+0x860923]
V  [jvm.dll+0x862e7e]
V  [jvm.dll+0x863563]
V  [jvm.dll+0x27f156]
V  [jvm.dll+0xc002d]
V  [jvm.dll+0xc0563]
V  [jvm.dll+0x3b6d3b]
V  [jvm.dll+0x382c27]
V  [jvm.dll+0x38209a]
V  [jvm.dll+0x247e72]
V  [jvm.dll+0x247441]
V  [jvm.dll+0x1c5fb4]
V  [jvm.dll+0x256bac]
V  [jvm.dll+0x2550f6]
V  [jvm.dll+0x3f1d16]
V  [jvm.dll+0x808d08]
V  [jvm.dll+0x6d0e1d]
C  [ucrtbase.dll+0x37b0]
C  [KERNEL32.DLL+0x2e8d7]
C  [ntdll.dll+0x8c53c]


---------------  P R O C E S S  ---------------

Threads class SMR info:
_java_thread_list=0x0000020f89e36b50, length=102, elements={
0x0000020fe58ea010, 0x0000020fff96d760, 0x0000020fff9973a0, 0x0000020fff997e00,
0x0000020fff9cf8b0, 0x0000020fff9c6630, 0x0000020fff9b38a0, 0x0000020fff9b4aa0,
0x0000020fff9ba060, 0x0000020fff9cff20, 0x0000020f84034f50, 0x0000020f85637860,
0x0000020f85875a60, 0x0000020f85b28230, 0x0000020f857cda80, 0x0000020f857ce680,
0x0000020f85b87690, 0x0000020f85a5f460, 0x0000020f85a4f6c0, 0x0000020f85a4e9a0,
0x0000020f85a4d5f0, 0x0000020f85a4e310, 0x0000020f85a4cf60, 0x0000020f85a4f030,
0x0000020f85a4fd50, 0x0000020f85a503e0, 0x0000020f861f95e0, 0x0000020f861fbd40,
0x0000020f861fa990, 0x0000020f861fa300, 0x0000020f861fb6b0, 0x0000020f861f8f50,
0x0000020f861fca60, 0x0000020f861fd0f0, 0x0000020f861fb020, 0x0000020f861ff1c0,
0x0000020f861fe4a0, 0x0000020f861ff850, 0x0000020f861fc3d0, 0x0000020f861fde10,
0x0000020f861ffee0, 0x0000020f861fd780, 0x0000020f887bf1f0, 0x0000020f887beb60,
0x0000020f887be4d0, 0x0000020f887bf880, 0x0000020f887bc400, 0x0000020f887bde40,
0x0000020f887bca90, 0x0000020f8b10fe40, 0x0000020f8b10d050, 0x0000020f8b10c9c0,
0x0000020f8b10f7b0, 0x0000020f8b10d6e0, 0x0000020f8b113950, 0x0000020f8b1104d0,
0x0000020f8b1125a0, 0x0000020f8b113fe0, 0x0000020f8b112c30, 0x0000020f8b110b60,
0x0000020f8b1111f0, 0x0000020f8b111880, 0x0000020f8b1132c0, 0x0000020f8b111f10,
0x0000020f8830b520, 0x0000020f88309ae0, 0x0000020f88308730, 0x0000020f8830a170,
0x0000020f8830ae90, 0x0000020f883080a0, 0x0000020f8830bbb0, 0x0000020f8830c240,
0x0000020f8830a800, 0x0000020f88308dc0, 0x0000020f88309450, 0x0000020f8830dc80,
0x0000020f8830d5f0, 0x0000020f8830cf60, 0x0000020f8830e310, 0x0000020f8830e9a0,
0x0000020f8830f030, 0x0000020f8830f6c0, 0x0000020f8830c8d0, 0x0000020f880b33a0,
0x0000020f880b6eb0, 0x0000020f880b7540, 0x0000020f880b4750, 0x0000020f8c320d10,
0x0000020f8c322180, 0x0000020f8b916460, 0x0000020f8b913d00, 0x0000020f8b914390,
0x0000020f8b917810, 0x0000020f8b917ea0, 0x0000020f8b914a20, 0x0000020f8b918530,
0x0000020f880b40c0, 0x0000020f880b8260, 0x0000020f880b4de0, 0x0000020f880b5470,
0x0000020f880b8f80, 0x0000020f880b7bd0
}

Java Threads: ( => current thread )
  0x0000020fe58ea010 JavaThread "main"                              [_thread_blocked, id=25352, stack(0x0000007578700000,0x0000007578800000) (1024K)]
  0x0000020fff96d760 JavaThread "Common-Cleaner"             daemon [_thread_blocked, id=22376, stack(0x0000007578f00000,0x0000007579000000) (1024K)]
  0x0000020fff9973a0 JavaThread "Reference Handler"          daemon [_thread_blocked, id=27632, stack(0x0000007579000000,0x0000007579100000) (1024K)]
  0x0000020fff997e00 JavaThread "Finalizer"                  daemon [_thread_blocked, id=25776, stack(0x0000007579100000,0x0000007579200000) (1024K)]
  0x0000020fff9cf8b0 JavaThread "Signal Dispatcher"          daemon [_thread_blocked, id=24772, stack(0x0000007579200000,0x0000007579300000) (1024K)]
  0x0000020fff9c6630 JavaThread "Attach Listener"            daemon [_thread_blocked, id=47592, stack(0x0000007579300000,0x0000007579400000) (1024K)]
  0x0000020fff9b38a0 JavaThread "Service Thread"             daemon [_thread_blocked, id=33936, stack(0x0000007579400000,0x0000007579500000) (1024K)]
  0x0000020fff9b4aa0 JavaThread "Monitor Deflation Thread"   daemon [_thread_blocked, id=47704, stack(0x0000007579500000,0x0000007579600000) (1024K)]
  0x0000020fff9ba060 JavaThread "C2 CompilerThread0"         daemon [_thread_in_native, id=36868, stack(0x0000007579600000,0x0000007579700000) (1024K)]
  0x0000020fff9cff20 JavaThread "C1 CompilerThread0"         daemon [_thread_in_native, id=23280, stack(0x0000007579700000,0x0000007579800000) (1024K)]
  0x0000020f84034f50 JavaThread "Notification Thread"        daemon [_thread_blocked, id=27876, stack(0x0000007579800000,0x0000007579900000) (1024K)]
  0x0000020f85637860 JavaThread "Daemon health stats"               [_thread_blocked, id=41912, stack(0x0000007579e00000,0x0000007579f00000) (1024K)]
  0x0000020f85875a60 JavaThread "Incoming local TCP Connector on port 50443"        [_thread_in_native, id=26412, stack(0x000000757a300000,0x000000757a400000) (1024K)]
  0x0000020f85b28230 JavaThread "Daemon periodic checks"            [_thread_blocked, id=200, stack(0x000000757a400000,0x000000757a500000) (1024K)]
  0x0000020f857cda80 JavaThread "Daemon"                            [_thread_blocked, id=30244, stack(0x000000757a500000,0x000000757a600000) (1024K)]
  0x0000020f857ce680 JavaThread "Handler for socket connection from /127.0.0.1:50443 to /127.0.0.1:50446"        [_thread_in_native, id=18996, stack(0x000000757a600000,0x000000757a700000) (1024K)]
  0x0000020f85b87690 JavaThread "Cancel handler"                    [_thread_blocked, id=51196, stack(0x000000757a700000,0x000000757a800000) (1024K)]
  0x0000020f85a5f460 JavaThread "Daemon worker"                     [_thread_blocked, id=10624, stack(0x000000757a800000,0x000000757a900000) (1024K)]
  0x0000020f85a4f6c0 JavaThread "Asynchronous log dispatcher for DefaultDaemonConnection: socket connection from /127.0.0.1:50443 to /127.0.0.1:50446"        [_thread_blocked, id=45396, stack(0x000000757a900000,0x000000757aa00000) (1024K)]
  0x0000020f85a4e9a0 JavaThread "Stdin handler"                     [_thread_blocked, id=11048, stack(0x000000757aa00000,0x000000757ab00000) (1024K)]
  0x0000020f85a4d5f0 JavaThread "Daemon client event forwarder"        [_thread_blocked, id=26032, stack(0x000000757ab00000,0x000000757ac00000) (1024K)]
  0x0000020f85a4e310 JavaThread "Cache worker for journal cache (C:\Users\Nguyen Hai Dang\.gradle\caches\journal-1)"        [_thread_blocked, id=1364, stack(0x000000757af00000,0x000000757b000000) (1024K)]
  0x0000020f85a4cf60 JavaThread "File lock request listener"        [_thread_in_native, id=21428, stack(0x000000757b000000,0x000000757b100000) (1024K)]
  0x0000020f85a4f030 JavaThread "Cache worker for file hash cache (C:\Users\Nguyen Hai Dang\.gradle\caches\8.13\fileHashes)"        [_thread_blocked, id=46412, stack(0x000000757b100000,0x000000757b200000) (1024K)]
  0x0000020f85a4fd50 JavaThread "Cache worker for file hash cache (D:\Ung_dung_di_dong\Du_an_cuoi_ky\Du_an_cuoi_ky_2\Du_an_app_Android_TADBank\.gradle\8.13\fileHashes)"        [_thread_blocked, id=37852, stack(0x000000757b200000,0x000000757b300000) (1024K)]
  0x0000020f85a503e0 JavaThread "Cache worker for Build Output Cleanup Cache (D:\Ung_dung_di_dong\Du_an_cuoi_ky\Du_an_cuoi_ky_2\Du_an_app_Android_TADBank\.gradle\buildOutputCleanup)"        [_thread_blocked, id=11864, stack(0x000000757b300000,0x000000757b400000) (1024K)]
  0x0000020f861f95e0 JavaThread "File watcher server"        daemon [_thread_in_native, id=41880, stack(0x000000757b400000,0x000000757b500000) (1024K)]
  0x0000020f861fbd40 JavaThread "File watcher consumer"      daemon [_thread_blocked, id=8028, stack(0x000000757b500000,0x000000757b600000) (1024K)]
  0x0000020f861fa990 JavaThread "jar transforms"                    [_thread_blocked, id=23644, stack(0x000000757b600000,0x000000757b700000) (1024K)]
  0x0000020f861fa300 JavaThread "jar transforms Thread 2"           [_thread_blocked, id=25440, stack(0x000000757b700000,0x000000757b800000) (1024K)]
  0x0000020f861fb6b0 JavaThread "Cache worker for checksums cache (D:\Ung_dung_di_dong\Du_an_cuoi_ky\Du_an_cuoi_ky_2\Du_an_app_Android_TADBank\.gradle\8.13\checksums)"        [_thread_blocked, id=43680, stack(0x000000757b800000,0x000000757b900000) (1024K)]
  0x0000020f861f8f50 JavaThread "Cache worker for file content cache (C:\Users\Nguyen Hai Dang\.gradle\caches\8.13\fileContent)"        [_thread_blocked, id=10832, stack(0x000000757b900000,0x000000757ba00000) (1024K)]
  0x0000020f861fca60 JavaThread "jar transforms Thread 3"           [_thread_blocked, id=21660, stack(0x000000757bb00000,0x000000757bc00000) (1024K)]
  0x0000020f861fd0f0 JavaThread "Cache worker for cache directory md-supplier (C:\Users\Nguyen Hai Dang\.gradle\caches\8.13\md-supplier)"        [_thread_blocked, id=39116, stack(0x000000757bc00000,0x000000757bd00000) (1024K)]
  0x0000020f861fb020 JavaThread "Cache worker for cache directory md-rule (C:\Users\Nguyen Hai Dang\.gradle\caches\8.13\md-rule)"        [_thread_blocked, id=49016, stack(0x000000757bd00000,0x000000757be00000) (1024K)]
  0x0000020f861ff1c0 JavaThread "Unconstrained build operations"        [_thread_blocked, id=40820, stack(0x0000007579900000,0x0000007579a00000) (1024K)]
  0x0000020f861fe4a0 JavaThread "Unconstrained build operations Thread 2"        [_thread_blocked, id=14488, stack(0x000000757ba00000,0x000000757bb00000) (1024K)]
  0x0000020f861ff850 JavaThread "Unconstrained build operations Thread 3"        [_thread_blocked, id=23468, stack(0x000000757be00000,0x000000757bf00000) (1024K)]
  0x0000020f861fc3d0 JavaThread "Unconstrained build operations Thread 4"        [_thread_blocked, id=4676, stack(0x000000757bf00000,0x000000757c000000) (1024K)]
  0x0000020f861fde10 JavaThread "Unconstrained build operations Thread 5"        [_thread_blocked, id=17084, stack(0x000000757c000000,0x000000757c100000) (1024K)]
  0x0000020f861ffee0 JavaThread "Unconstrained build operations Thread 6"        [_thread_blocked, id=45588, stack(0x000000757c100000,0x000000757c200000) (1024K)]
  0x0000020f861fd780 JavaThread "Unconstrained build operations Thread 7"        [_thread_blocked, id=23284, stack(0x000000757c200000,0x000000757c300000) (1024K)]
  0x0000020f887bf1f0 JavaThread "Unconstrained build operations Thread 8"        [_thread_blocked, id=41668, stack(0x000000757c300000,0x000000757c400000) (1024K)]
  0x0000020f887beb60 JavaThread "jar transforms Thread 4"           [_thread_blocked, id=18620, stack(0x000000757c600000,0x000000757c700000) (1024K)]
  0x0000020f887be4d0 JavaThread "jar transforms Thread 5"           [_thread_blocked, id=44808, stack(0x000000757c700000,0x000000757c800000) (1024K)]
  0x0000020f887bf880 JavaThread "Unconstrained build operations Thread 9"        [_thread_blocked, id=36260, stack(0x000000757c800000,0x000000757c900000) (1024K)]
  0x0000020f887bc400 JavaThread "Unconstrained build operations Thread 10"        [_thread_blocked, id=36644, stack(0x000000757c900000,0x000000757ca00000) (1024K)]
  0x0000020f887bde40 JavaThread "Unconstrained build operations Thread 11"        [_thread_blocked, id=26808, stack(0x000000757ca00000,0x000000757cb00000) (1024K)]
  0x0000020f887bca90 JavaThread "Unconstrained build operations Thread 12"        [_thread_blocked, id=48916, stack(0x000000757cb00000,0x000000757cc00000) (1024K)]
  0x0000020f8b10fe40 JavaThread "jar transforms Thread 6"           [_thread_blocked, id=36032, stack(0x000000757cc00000,0x000000757cd00000) (1024K)]
  0x0000020f8b10d050 JavaThread "jar transforms Thread 7"           [_thread_blocked, id=38084, stack(0x000000757cd00000,0x000000757ce00000) (1024K)]
  0x0000020f8b10c9c0 JavaThread "jar transforms Thread 8"           [_thread_blocked, id=41284, stack(0x000000757ce00000,0x000000757cf00000) (1024K)]
  0x0000020f8b10f7b0 JavaThread "Unconstrained build operations Thread 13"        [_thread_blocked, id=15784, stack(0x000000757cf00000,0x000000757d000000) (1024K)]
  0x0000020f8b10d6e0 JavaThread "Unconstrained build operations Thread 14"        [_thread_blocked, id=17996, stack(0x000000757d000000,0x000000757d100000) (1024K)]
  0x0000020f8b113950 JavaThread "Unconstrained build operations Thread 15"        [_thread_blocked, id=29296, stack(0x000000757d100000,0x000000757d200000) (1024K)]
  0x0000020f8b1104d0 JavaThread "Unconstrained build operations Thread 16"        [_thread_blocked, id=38432, stack(0x000000757d200000,0x000000757d300000) (1024K)]
  0x0000020f8b1125a0 JavaThread "Unconstrained build operations Thread 17"        [_thread_blocked, id=8168, stack(0x000000757d300000,0x000000757d400000) (1024K)]
  0x0000020f8b113fe0 JavaThread "Unconstrained build operations Thread 18"        [_thread_blocked, id=31848, stack(0x000000757d400000,0x000000757d500000) (1024K)]
  0x0000020f8b112c30 JavaThread "Unconstrained build operations Thread 19"        [_thread_blocked, id=35908, stack(0x000000757d500000,0x000000757d600000) (1024K)]
  0x0000020f8b110b60 JavaThread "Unconstrained build operations Thread 20"        [_thread_blocked, id=51848, stack(0x000000757d600000,0x000000757d700000) (1024K)]
  0x0000020f8b1111f0 JavaThread "Unconstrained build operations Thread 21"        [_thread_blocked, id=36072, stack(0x000000757d700000,0x000000757d800000) (1024K)]
  0x0000020f8b111880 JavaThread "Unconstrained build operations Thread 22"        [_thread_blocked, id=44040, stack(0x000000757d800000,0x000000757d900000) (1024K)]
  0x0000020f8b1132c0 JavaThread "Unconstrained build operations Thread 23"        [_thread_blocked, id=39372, stack(0x000000757d900000,0x000000757da00000) (1024K)]
  0x0000020f8b111f10 JavaThread "Unconstrained build operations Thread 24"        [_thread_blocked, id=44864, stack(0x000000757da00000,0x000000757db00000) (1024K)]
  0x0000020f8830b520 JavaThread "Unconstrained build operations Thread 25"        [_thread_blocked, id=38948, stack(0x000000757db00000,0x000000757dc00000) (1024K)]
  0x0000020f88309ae0 JavaThread "Unconstrained build operations Thread 26"        [_thread_blocked, id=2904, stack(0x000000757dc00000,0x000000757dd00000) (1024K)]
  0x0000020f88308730 JavaThread "Unconstrained build operations Thread 27"        [_thread_blocked, id=32904, stack(0x000000757dd00000,0x000000757de00000) (1024K)]
  0x0000020f8830a170 JavaThread "Unconstrained build operations Thread 28"        [_thread_blocked, id=47008, stack(0x000000757de00000,0x000000757df00000) (1024K)]
  0x0000020f8830ae90 JavaThread "Unconstrained build operations Thread 29"        [_thread_blocked, id=22620, stack(0x000000757df00000,0x000000757e000000) (1024K)]
  0x0000020f883080a0 JavaThread "Unconstrained build operations Thread 30"        [_thread_blocked, id=5296, stack(0x000000757e000000,0x000000757e100000) (1024K)]
  0x0000020f8830bbb0 JavaThread "Unconstrained build operations Thread 31"        [_thread_blocked, id=36100, stack(0x000000757e100000,0x000000757e200000) (1024K)]
  0x0000020f8830c240 JavaThread "Unconstrained build operations Thread 32"        [_thread_blocked, id=39836, stack(0x000000757e200000,0x000000757e300000) (1024K)]
  0x0000020f8830a800 JavaThread "Unconstrained build operations Thread 33"        [_thread_blocked, id=7524, stack(0x000000757e300000,0x000000757e400000) (1024K)]
  0x0000020f88308dc0 JavaThread "Unconstrained build operations Thread 34"        [_thread_blocked, id=28244, stack(0x000000757e400000,0x000000757e500000) (1024K)]
  0x0000020f88309450 JavaThread "Unconstrained build operations Thread 35"        [_thread_blocked, id=26924, stack(0x000000757e500000,0x000000757e600000) (1024K)]
  0x0000020f8830dc80 JavaThread "Unconstrained build operations Thread 36"        [_thread_blocked, id=44448, stack(0x000000757e600000,0x000000757e700000) (1024K)]
  0x0000020f8830d5f0 JavaThread "Unconstrained build operations Thread 37"        [_thread_blocked, id=34520, stack(0x000000757e700000,0x000000757e800000) (1024K)]
  0x0000020f8830cf60 JavaThread "Unconstrained build operations Thread 38"        [_thread_blocked, id=30880, stack(0x000000757e800000,0x000000757e900000) (1024K)]
  0x0000020f8830e310 JavaThread "Unconstrained build operations Thread 39"        [_thread_blocked, id=12912, stack(0x000000757e900000,0x000000757ea00000) (1024K)]
  0x0000020f8830e9a0 JavaThread "Unconstrained build operations Thread 40"        [_thread_blocked, id=46228, stack(0x000000757ea00000,0x000000757eb00000) (1024K)]
  0x0000020f8830f030 JavaThread "Unconstrained build operations Thread 41"        [_thread_blocked, id=46752, stack(0x000000757eb00000,0x000000757ec00000) (1024K)]
  0x0000020f8830f6c0 JavaThread "Unconstrained build operations Thread 42"        [_thread_blocked, id=22184, stack(0x000000757ec00000,0x000000757ed00000) (1024K)]
  0x0000020f8830c8d0 JavaThread "Unconstrained build operations Thread 43"        [_thread_blocked, id=17076, stack(0x000000757ed00000,0x000000757ee00000) (1024K)]
  0x0000020f880b33a0 JavaThread "Unconstrained build operations Thread 44"        [_thread_blocked, id=47928, stack(0x000000757ee00000,0x000000757ef00000) (1024K)]
  0x0000020f880b6eb0 JavaThread "Unconstrained build operations Thread 45"        [_thread_blocked, id=39512, stack(0x000000757ef00000,0x000000757f000000) (1024K)]
  0x0000020f880b7540 JavaThread "build event listener"              [_thread_blocked, id=14932, stack(0x000000757c500000,0x000000757c600000) (1024K)]
  0x0000020f880b4750 JavaThread "Memory manager"                    [_thread_blocked, id=26028, stack(0x000000757f100000,0x000000757f200000) (1024K)]
=>0x0000020f8c320d10 JavaThread "C2 CompilerThread1"         daemon [_thread_in_native, id=25844, stack(0x000000757c400000,0x000000757c500000) (1024K)]
  0x0000020f8c322180 JavaThread "C2 CompilerThread2"         daemon [_thread_in_native, id=23980, stack(0x000000757f000000,0x000000757f100000) (1024K)]
  0x0000020f8b916460 JavaThread "included builds"                   [_thread_blocked, id=21364, stack(0x000000757f200000,0x000000757f300000) (1024K)]
  0x0000020f8b913d00 JavaThread "Execution worker"                  [_thread_blocked, id=20492, stack(0x000000757f300000,0x000000757f400000) (1024K)]
  0x0000020f8b914390 JavaThread "Execution worker Thread 2"         [_thread_in_Java, id=43724, stack(0x000000757f400000,0x000000757f500000) (1024K)]
  0x0000020f8b917810 JavaThread "Execution worker Thread 3"         [_thread_blocked, id=20296, stack(0x000000757f500000,0x000000757f600000) (1024K)]
  0x0000020f8b917ea0 JavaThread "Execution worker Thread 4"         [_thread_blocked, id=24780, stack(0x000000757f600000,0x000000757f700000) (1024K)]
  0x0000020f8b914a20 JavaThread "Execution worker Thread 5"         [_thread_blocked, id=27636, stack(0x000000757f700000,0x000000757f800000) (1024K)]
  0x0000020f8b918530 JavaThread "Execution worker Thread 6"         [_thread_blocked, id=35344, stack(0x000000757f800000,0x000000757f900000) (1024K)]
  0x0000020f880b40c0 JavaThread "Execution worker Thread 7"         [_thread_blocked, id=35216, stack(0x000000757f900000,0x000000757fa00000) (1024K)]
  0x0000020f880b8260 JavaThread "Execution worker Thread 8"         [_thread_blocked, id=10444, stack(0x000000757fa00000,0x000000757fb00000) (1024K)]
  0x0000020f880b4de0 JavaThread "Execution worker Thread 9"         [_thread_blocked, id=46888, stack(0x000000757fb00000,0x000000757fc00000) (1024K)]
  0x0000020f880b5470 JavaThread "Execution worker Thread 10"        [_thread_blocked, id=51212, stack(0x000000757fc00000,0x000000757fd00000) (1024K)]
  0x0000020f880b8f80 JavaThread "Execution worker Thread 11"        [_thread_blocked, id=46332, stack(0x000000757fd00000,0x000000757fe00000) (1024K)]
  0x0000020f880b7bd0 JavaThread "Cache worker for execution history cache (D:\Ung_dung_di_dong\Du_an_cuoi_ky\Du_an_cuoi_ky_2\Du_an_app_Android_TADBank\.gradle\8.13\executionHistory)"        [_thread_blocked, id=10920, stack(0x000000757fe00000,0x000000757ff00000) (1024K)]
Total: 102

Other Threads:
  0x0000020fff94a3a0 VMThread "VM Thread"                           [id=44564, stack(0x0000007578e00000,0x0000007578f00000) (1024K)]
  0x0000020fff8330c0 WatcherThread "VM Periodic Task Thread"        [id=2428, stack(0x0000007578d00000,0x0000007578e00000) (1024K)]
  0x0000020fe7db5f20 WorkerThread "GC Thread#0"                     [id=24352, stack(0x0000007578800000,0x0000007578900000) (1024K)]
  0x0000020f84458720 WorkerThread "GC Thread#1"                     [id=48804, stack(0x0000007579a00000,0x0000007579b00000) (1024K)]
  0x0000020f841543d0 WorkerThread "GC Thread#2"                     [id=49020, stack(0x0000007579b00000,0x0000007579c00000) (1024K)]
  0x0000020f84154770 WorkerThread "GC Thread#3"                     [id=33176, stack(0x0000007579c00000,0x0000007579d00000) (1024K)]
  0x0000020f84154b10 WorkerThread "GC Thread#4"                     [id=21592, stack(0x0000007579d00000,0x0000007579e00000) (1024K)]
  0x0000020f8562bd60 WorkerThread "GC Thread#5"                     [id=50780, stack(0x0000007579f00000,0x000000757a000000) (1024K)]
  0x0000020f85a26aa0 WorkerThread "GC Thread#6"                     [id=51928, stack(0x000000757a000000,0x000000757a100000) (1024K)]
  0x0000020f85a26e40 WorkerThread "GC Thread#7"                     [id=41120, stack(0x000000757a100000,0x000000757a200000) (1024K)]
  0x0000020f85a28b90 WorkerThread "GC Thread#8"                     [id=28908, stack(0x000000757a200000,0x000000757a300000) (1024K)]
  0x0000020f85a27d10 WorkerThread "GC Thread#9"                     [id=8780, stack(0x000000757ac00000,0x000000757ad00000) (1024K)]
  0x0000020fe7dc7c50 ConcurrentGCThread "G1 Main Marker"            [id=48392, stack(0x0000007578900000,0x0000007578a00000) (1024K)]
  0x0000020fe7dc9e10 WorkerThread "G1 Conc#0"                       [id=37784, stack(0x0000007578a00000,0x0000007578b00000) (1024K)]
  0x0000020f85a275d0 WorkerThread "G1 Conc#1"                       [id=51964, stack(0x000000757ad00000,0x000000757ae00000) (1024K)]
  0x0000020f85a27230 WorkerThread "G1 Conc#2"                       [id=45292, stack(0x000000757ae00000,0x000000757af00000) (1024K)]
  0x0000020fff782ec0 ConcurrentGCThread "G1 Refine#0"               [id=12940, stack(0x0000007578b00000,0x0000007578c00000) (1024K)]
  0x0000020fff7846f0 ConcurrentGCThread "G1 Service"                [id=44184, stack(0x0000007578c00000,0x0000007578d00000) (1024K)]
Total: 18

Threads with active compile tasks:
C2 CompilerThread0  27720 14414       4       org.gradle.internal.component.external.model.DefaultConfigurationMetadata::getAttributes (28 bytes)
C1 CompilerThread0  27720 14444       3       org.gradle.internal.component.external.model.GradleDependencyMetadata::selectVariants (77 bytes)
C2 CompilerThread1  27720 14345       4       org.gradle.internal.component.model.DefaultExternalModuleComponentGraphResolveState$DefaultConfigurationGraphResolveState::getAttributes (5 bytes)
C2 CompilerThread2  27720 14406   !   4       com.google.common.cache.LocalCache$Segment::get (210 bytes)
Total: 4

VM state: not at safepoint (normal execution)

VM Mutex/Monitor currently owned by a thread: None

Heap address: 0x0000000080000000, size: 2048 MB, Compressed Oops mode: 32-bit

CDS archive(s) not mapped
Compressed class space mapped at: 0x0000000100000000-0x0000000140000000, reserved size: 1073741824
Narrow klass base: 0x0000000000000000, Narrow klass shift: 3, Narrow klass range: 0x140000000

GC Precious Log:
 CardTable entry size: 512
 Card Set container configuration: InlinePtr #cards 5 size 8 Array Of Cards #cards 12 size 40 Howl #buckets 4 coarsen threshold 1843 Howl Bitmap #cards 512 size 80 coarsen threshold 460 Card regions per heap region 1 cards per card region 2048
 CPUs: 12 total, 12 available
 Memory: 15557M
 Large Page Support: Disabled
 NUMA Support: Disabled
 Compressed Oops: Enabled (32-bit)
 Heap Region Size: 1M
 Heap Min Capacity: 8M
 Heap Initial Capacity: 244M
 Heap Max Capacity: 2G
 Pre-touch: Disabled
 Parallel Workers: 10
 Concurrent Workers: 3
 Concurrent Refinement Workers: 10
 Periodic GC: Disabled

Heap:
 garbage-first heap   total 181248K, used 122677K [0x0000000080000000, 0x0000000100000000)
  region size 1024K, 22 young (22528K), 6 survivors (6144K)
 Metaspace       used 115861K, committed 118080K, reserved 1179648K
  class space    used 16122K, committed 17216K, reserved 1048576K

Heap Regions: E=young(eden), S=young(survivor), O=old, HS=humongous(starts), HC=humongous(continues), CS=collection set, F=free, TAMS=top-at-mark-start, PB=parsable bottom
|   0|0x0000000080000000, 0x0000000080100000, 0x0000000080100000|100%|HS|  |TAMS 0x0000000080000000| PB 0x0000000080000000| Complete 
|   1|0x0000000080100000, 0x0000000080200000, 0x0000000080200000|100%|HC|  |TAMS 0x0000000080100000| PB 0x0000000080100000| Complete 
|   2|0x0000000080200000, 0x0000000080300000, 0x0000000080300000|100%|HC|  |TAMS 0x0000000080200000| PB 0x0000000080200000| Complete 
|   3|0x0000000080300000, 0x0000000080400000, 0x0000000080400000|100%| O|  |TAMS 0x0000000080300000| PB 0x0000000080300000| Untracked 
|   4|0x0000000080400000, 0x0000000080500000, 0x0000000080500000|100%| O|  |TAMS 0x0000000080400000| PB 0x0000000080400000| Untracked 
|   5|0x0000000080500000, 0x0000000080600000, 0x0000000080600000|100%| O|  |TAMS 0x0000000080500000| PB 0x0000000080500000| Untracked 
|   6|0x0000000080600000, 0x0000000080700000, 0x0000000080700000|100%|HS|  |TAMS 0x0000000080600000| PB 0x0000000080600000| Complete 
|   7|0x0000000080700000, 0x0000000080800000, 0x0000000080800000|100%| O|  |TAMS 0x0000000080700000| PB 0x0000000080700000| Untracked 
|   8|0x0000000080800000, 0x0000000080900000, 0x0000000080900000|100%| O|  |TAMS 0x0000000080800000| PB 0x0000000080800000| Untracked 
|   9|0x0000000080900000, 0x0000000080a00000, 0x0000000080a00000|100%| O|  |TAMS 0x0000000080900000| PB 0x0000000080900000| Untracked 
|  10|0x0000000080a00000, 0x0000000080b00000, 0x0000000080b00000|100%| O|  |TAMS 0x0000000080a00000| PB 0x0000000080a00000| Untracked 
|  11|0x0000000080b00000, 0x0000000080c00000, 0x0000000080c00000|100%| O|  |TAMS 0x0000000080b00000| PB 0x0000000080b00000| Untracked 
|  12|0x0000000080c00000, 0x0000000080d00000, 0x0000000080d00000|100%| O|  |TAMS 0x0000000080c00000| PB 0x0000000080c00000| Untracked 
|  13|0x0000000080d00000, 0x0000000080e00000, 0x0000000080e00000|100%| O|  |TAMS 0x0000000080d00000| PB 0x0000000080d00000| Untracked 
|  14|0x0000000080e00000, 0x0000000080f00000, 0x0000000080f00000|100%| O|  |TAMS 0x0000000080e00000| PB 0x0000000080e00000| Untracked 
|  15|0x0000000080f00000, 0x0000000081000000, 0x0000000081000000|100%| O|  |TAMS 0x0000000080f00000| PB 0x0000000080f00000| Untracked 
|  16|0x0000000081000000, 0x0000000081100000, 0x0000000081100000|100%| O|  |TAMS 0x0000000081000000| PB 0x0000000081000000| Untracked 
|  17|0x0000000081100000, 0x0000000081200000, 0x0000000081200000|100%| O|  |TAMS 0x0000000081100000| PB 0x0000000081100000| Untracked 
|  18|0x0000000081200000, 0x0000000081300000, 0x0000000081300000|100%| O|  |TAMS 0x0000000081200000| PB 0x0000000081200000| Untracked 
|  19|0x0000000081300000, 0x0000000081400000, 0x0000000081400000|100%| O|  |TAMS 0x0000000081300000| PB 0x0000000081300000| Untracked 
|  20|0x0000000081400000, 0x0000000081500000, 0x0000000081500000|100%| O|  |TAMS 0x0000000081400000| PB 0x0000000081400000| Untracked 
|  21|0x0000000081500000, 0x0000000081600000, 0x0000000081600000|100%| O|  |TAMS 0x0000000081500000| PB 0x0000000081500000| Untracked 
|  22|0x0000000081600000, 0x0000000081700000, 0x0000000081700000|100%| O|  |TAMS 0x0000000081600000| PB 0x0000000081600000| Untracked 
|  23|0x0000000081700000, 0x0000000081800000, 0x0000000081800000|100%| O|  |TAMS 0x0000000081700000| PB 0x0000000081700000| Untracked 
|  24|0x0000000081800000, 0x0000000081900000, 0x0000000081900000|100%| O|  |TAMS 0x0000000081800000| PB 0x0000000081800000| Untracked 
|  25|0x0000000081900000, 0x0000000081a00000, 0x0000000081a00000|100%| O|  |TAMS 0x0000000081900000| PB 0x0000000081900000| Untracked 
|  26|0x0000000081a00000, 0x0000000081b00000, 0x0000000081b00000|100%| O|  |TAMS 0x0000000081a00000| PB 0x0000000081a00000| Untracked 
|  27|0x0000000081b00000, 0x0000000081c00000, 0x0000000081c00000|100%| O|  |TAMS 0x0000000081b00000| PB 0x0000000081b00000| Untracked 
|  28|0x0000000081c00000, 0x0000000081d00000, 0x0000000081d00000|100%| O|  |TAMS 0x0000000081c00000| PB 0x0000000081c00000| Untracked 
|  29|0x0000000081d00000, 0x0000000081e00000, 0x0000000081e00000|100%| O|  |TAMS 0x0000000081d00000| PB 0x0000000081d00000| Untracked 
|  30|0x0000000081e00000, 0x0000000081f00000, 0x0000000081f00000|100%| O|  |TAMS 0x0000000081e00000| PB 0x0000000081e00000| Untracked 
|  31|0x0000000081f00000, 0x0000000082000000, 0x0000000082000000|100%| O|  |TAMS 0x0000000081f00000| PB 0x0000000081f00000| Untracked 
|  32|0x0000000082000000, 0x0000000082100000, 0x0000000082100000|100%| O|  |TAMS 0x0000000082000000| PB 0x0000000082000000| Untracked 
|  33|0x0000000082100000, 0x0000000082200000, 0x0000000082200000|100%| O|  |TAMS 0x0000000082100000| PB 0x0000000082100000| Untracked 
|  34|0x0000000082200000, 0x0000000082300000, 0x0000000082300000|100%| O|  |TAMS 0x0000000082200000| PB 0x0000000082200000| Untracked 
|  35|0x0000000082300000, 0x0000000082400000, 0x0000000082400000|100%| O|  |TAMS 0x0000000082300000| PB 0x0000000082300000| Untracked 
|  36|0x0000000082400000, 0x0000000082500000, 0x0000000082500000|100%| O|  |TAMS 0x0000000082400000| PB 0x0000000082400000| Untracked 
|  37|0x0000000082500000, 0x0000000082600000, 0x0000000082600000|100%| O|Cm|TAMS 0x0000000082500000| PB 0x0000000082500000| Complete 
|  38|0x0000000082600000, 0x0000000082700000, 0x0000000082700000|100%| O|  |TAMS 0x0000000082600000| PB 0x0000000082600000| Untracked 
|  39|0x0000000082700000, 0x0000000082800000, 0x0000000082800000|100%| O|  |TAMS 0x0000000082700000| PB 0x0000000082700000| Untracked 
|  40|0x0000000082800000, 0x0000000082900000, 0x0000000082900000|100%| O|  |TAMS 0x0000000082800000| PB 0x0000000082800000| Untracked 
|  41|0x0000000082900000, 0x0000000082a00000, 0x0000000082a00000|100%| O|  |TAMS 0x0000000082900000| PB 0x0000000082900000| Untracked 
|  42|0x0000000082a00000, 0x0000000082b00000, 0x0000000082b00000|100%| O|  |TAMS 0x0000000082a00000| PB 0x0000000082a00000| Untracked 
|  43|0x0000000082b00000, 0x0000000082c00000, 0x0000000082c00000|100%| O|Cm|TAMS 0x0000000082b00000| PB 0x0000000082b00000| Complete 
|  44|0x0000000082c00000, 0x0000000082d00000, 0x0000000082d00000|100%| O|  |TAMS 0x0000000082c00000| PB 0x0000000082c00000| Untracked 
|  45|0x0000000082d00000, 0x0000000082e00000, 0x0000000082e00000|100%| O|  |TAMS 0x0000000082d00000| PB 0x0000000082d00000| Untracked 
|  46|0x0000000082e00000, 0x0000000082f00000, 0x0000000082f00000|100%| O|  |TAMS 0x0000000082e00000| PB 0x0000000082e00000| Untracked 
|  47|0x0000000082f00000, 0x0000000083000000, 0x0000000083000000|100%| O|  |TAMS 0x0000000082f00000| PB 0x0000000082f00000| Untracked 
|  48|0x0000000083000000, 0x0000000083100000, 0x0000000083100000|100%| O|  |TAMS 0x0000000083000000| PB 0x0000000083000000| Untracked 
|  49|0x0000000083100000, 0x0000000083200000, 0x0000000083200000|100%| O|  |TAMS 0x0000000083100000| PB 0x0000000083100000| Untracked 
|  50|0x0000000083200000, 0x0000000083300000, 0x0000000083300000|100%| O|  |TAMS 0x0000000083200000| PB 0x0000000083200000| Untracked 
|  51|0x0000000083300000, 0x0000000083400000, 0x0000000083400000|100%| O|  |TAMS 0x0000000083300000| PB 0x0000000083300000| Untracked 
|  52|0x0000000083400000, 0x0000000083500000, 0x0000000083500000|100%| O|  |TAMS 0x0000000083400000| PB 0x0000000083400000| Untracked 
|  53|0x0000000083500000, 0x0000000083600000, 0x0000000083600000|100%| O|  |TAMS 0x0000000083500000| PB 0x0000000083500000| Untracked 
|  54|0x0000000083600000, 0x0000000083700000, 0x0000000083700000|100%| O|  |TAMS 0x0000000083600000| PB 0x0000000083600000| Untracked 
|  55|0x0000000083700000, 0x0000000083800000, 0x0000000083800000|100%| O|  |TAMS 0x0000000083700000| PB 0x0000000083700000| Untracked 
|  56|0x0000000083800000, 0x0000000083900000, 0x0000000083900000|100%| O|  |TAMS 0x0000000083800000| PB 0x0000000083800000| Untracked 
|  57|0x0000000083900000, 0x0000000083a00000, 0x0000000083a00000|100%|HS|  |TAMS 0x0000000083900000| PB 0x0000000083900000| Complete 
|  58|0x0000000083a00000, 0x0000000083b00000, 0x0000000083b00000|100%|HS|  |TAMS 0x0000000083a00000| PB 0x0000000083a00000| Complete 
|  59|0x0000000083b00000, 0x0000000083c00000, 0x0000000083c00000|100%|HS|  |TAMS 0x0000000083b00000| PB 0x0000000083b00000| Complete 
|  60|0x0000000083c00000, 0x0000000083d00000, 0x0000000083d00000|100%|HS|  |TAMS 0x0000000083c00000| PB 0x0000000083c00000| Complete 
|  61|0x0000000083d00000, 0x0000000083e00000, 0x0000000083e00000|100%| O|  |TAMS 0x0000000083d00000| PB 0x0000000083d00000| Untracked 
|  62|0x0000000083e00000, 0x0000000083f00000, 0x0000000083f00000|100%|HS|  |TAMS 0x0000000083e00000| PB 0x0000000083e00000| Complete 
|  63|0x0000000083f00000, 0x0000000084000000, 0x0000000084000000|100%|HS|  |TAMS 0x0000000083f00000| PB 0x0000000083f00000| Complete 
|  64|0x0000000084000000, 0x0000000084100000, 0x0000000084100000|100%| O|  |TAMS 0x0000000084000000| PB 0x0000000084000000| Untracked 
|  65|0x0000000084100000, 0x0000000084200000, 0x0000000084200000|100%|HS|  |TAMS 0x0000000084100000| PB 0x0000000084100000| Complete 
|  66|0x0000000084200000, 0x0000000084300000, 0x0000000084300000|100%| O|  |TAMS 0x0000000084200000| PB 0x0000000084200000| Untracked 
|  67|0x0000000084300000, 0x0000000084400000, 0x0000000084400000|100%| O|  |TAMS 0x0000000084300000| PB 0x0000000084300000| Untracked 
|  68|0x0000000084400000, 0x0000000084500000, 0x0000000084500000|100%| O|  |TAMS 0x0000000084400000| PB 0x0000000084400000| Untracked 
|  69|0x0000000084500000, 0x0000000084600000, 0x0000000084600000|100%| O|  |TAMS 0x0000000084500000| PB 0x0000000084500000| Untracked 
|  70|0x0000000084600000, 0x0000000084700000, 0x0000000084700000|100%| O|  |TAMS 0x0000000084600000| PB 0x0000000084600000| Untracked 
|  71|0x0000000084700000, 0x0000000084800000, 0x0000000084800000|100%| O|  |TAMS 0x0000000084700000| PB 0x0000000084700000| Untracked 
|  72|0x0000000084800000, 0x0000000084900000, 0x0000000084900000|100%| O|  |TAMS 0x0000000084800000| PB 0x0000000084800000| Untracked 
|  73|0x0000000084900000, 0x0000000084a00000, 0x0000000084a00000|100%| O|  |TAMS 0x0000000084900000| PB 0x0000000084900000| Untracked 
|  74|0x0000000084a00000, 0x0000000084b00000, 0x0000000084b00000|100%| O|  |TAMS 0x0000000084a00000| PB 0x0000000084a00000| Untracked 
|  75|0x0000000084b00000, 0x0000000084c00000, 0x0000000084c00000|100%| O|  |TAMS 0x0000000084b00000| PB 0x0000000084b00000| Untracked 
|  76|0x0000000084c00000, 0x0000000084d00000, 0x0000000084d00000|100%| O|  |TAMS 0x0000000084c00000| PB 0x0000000084c00000| Untracked 
|  77|0x0000000084d00000, 0x0000000084e00000, 0x0000000084e00000|100%| O|  |TAMS 0x0000000084d00000| PB 0x0000000084d00000| Untracked 
|  78|0x0000000084e00000, 0x0000000084f00000, 0x0000000084f00000|100%| O|  |TAMS 0x0000000084e00000| PB 0x0000000084e00000| Untracked 
|  79|0x0000000084f00000, 0x0000000085000000, 0x0000000085000000|100%| O|  |TAMS 0x0000000084f00000| PB 0x0000000084f00000| Untracked 
|  80|0x0000000085000000, 0x0000000085100000, 0x0000000085100000|100%| O|  |TAMS 0x0000000085000000| PB 0x0000000085000000| Untracked 
|  81|0x0000000085100000, 0x0000000085200000, 0x0000000085200000|100%| O|  |TAMS 0x0000000085100000| PB 0x0000000085100000| Untracked 
|  82|0x0000000085200000, 0x0000000085300000, 0x0000000085300000|100%| O|Cm|TAMS 0x0000000085200000| PB 0x0000000085200000| Complete 
|  83|0x0000000085300000, 0x0000000085400000, 0x0000000085400000|100%| O|  |TAMS 0x0000000085300000| PB 0x0000000085300000| Untracked 
|  84|0x0000000085400000, 0x0000000085500000, 0x0000000085500000|100%| O|  |TAMS 0x0000000085400000| PB 0x0000000085400000| Untracked 
|  85|0x0000000085500000, 0x0000000085600000, 0x0000000085600000|100%| O|  |TAMS 0x0000000085500000| PB 0x0000000085500000| Untracked 
|  86|0x0000000085600000, 0x0000000085700000, 0x0000000085700000|100%| O|  |TAMS 0x0000000085600000| PB 0x0000000085600000| Untracked 
|  87|0x0000000085700000, 0x0000000085800000, 0x0000000085800000|100%| O|Cm|TAMS 0x0000000085700000| PB 0x0000000085700000| Complete 
|  88|0x0000000085800000, 0x0000000085900000, 0x0000000085900000|100%| O|  |TAMS 0x0000000085800000| PB 0x0000000085800000| Untracked 
|  89|0x0000000085900000, 0x0000000085a00000, 0x0000000085a00000|100%| O|  |TAMS 0x0000000085900000| PB 0x0000000085900000| Untracked 
|  90|0x0000000085a00000, 0x0000000085a00000, 0x0000000085b00000|  0%| F|  |TAMS 0x0000000085a00000| PB 0x0000000085a00000| Untracked 
|  91|0x0000000085b00000, 0x0000000085b00000, 0x0000000085c00000|  0%| F|  |TAMS 0x0000000085b00000| PB 0x0000000085b00000| Untracked 
|  92|0x0000000085c00000, 0x0000000085c00000, 0x0000000085d00000|  0%| F|  |TAMS 0x0000000085c00000| PB 0x0000000085c00000| Untracked 
|  93|0x0000000085d00000, 0x0000000085d00000, 0x0000000085e00000|  0%| F|  |TAMS 0x0000000085d00000| PB 0x0000000085d00000| Untracked 
|  94|0x0000000085e00000, 0x0000000085e00000, 0x0000000085f00000|  0%| F|  |TAMS 0x0000000085e00000| PB 0x0000000085e00000| Untracked 
|  95|0x0000000085f00000, 0x0000000085f00000, 0x0000000086000000|  0%| F|  |TAMS 0x0000000085f00000| PB 0x0000000085f00000| Untracked 
|  96|0x0000000086000000, 0x0000000086000000, 0x0000000086100000|  0%| F|  |TAMS 0x0000000086000000| PB 0x0000000086000000| Untracked 
|  97|0x0000000086100000, 0x0000000086200000, 0x0000000086200000|100%| O|  |TAMS 0x0000000086100000| PB 0x0000000086100000| Untracked 
|  98|0x0000000086200000, 0x00000000862cd640, 0x0000000086300000| 80%| O|  |TAMS 0x0000000086200000| PB 0x0000000086200000| Untracked 
|  99|0x0000000086300000, 0x0000000086300000, 0x0000000086400000|  0%| F|  |TAMS 0x0000000086300000| PB 0x0000000086300000| Untracked 
| 100|0x0000000086400000, 0x0000000086400000, 0x0000000086500000|  0%| F|  |TAMS 0x0000000086400000| PB 0x0000000086400000| Untracked 
| 101|0x0000000086500000, 0x0000000086500000, 0x0000000086600000|  0%| F|  |TAMS 0x0000000086500000| PB 0x0000000086500000| Untracked 
| 102|0x0000000086600000, 0x0000000086700000, 0x0000000086700000|100%| S|CS|TAMS 0x0000000086600000| PB 0x0000000086600000| Complete 
| 103|0x0000000086700000, 0x0000000086800000, 0x0000000086800000|100%| S|CS|TAMS 0x0000000086700000| PB 0x0000000086700000| Complete 
| 104|0x0000000086800000, 0x0000000086900000, 0x0000000086900000|100%| S|CS|TAMS 0x0000000086800000| PB 0x0000000086800000| Complete 
| 105|0x0000000086900000, 0x0000000086a00000, 0x0000000086a00000|100%| S|CS|TAMS 0x0000000086900000| PB 0x0000000086900000| Complete 
| 106|0x0000000086a00000, 0x0000000086b00000, 0x0000000086b00000|100%| S|CS|TAMS 0x0000000086a00000| PB 0x0000000086a00000| Complete 
| 107|0x0000000086b00000, 0x0000000086c00000, 0x0000000086c00000|100%| S|CS|TAMS 0x0000000086b00000| PB 0x0000000086b00000| Complete 
| 108|0x0000000086c00000, 0x0000000086c00000, 0x0000000086d00000|  0%| F|  |TAMS 0x0000000086c00000| PB 0x0000000086c00000| Untracked 
| 109|0x0000000086d00000, 0x0000000086d00000, 0x0000000086e00000|  0%| F|  |TAMS 0x0000000086d00000| PB 0x0000000086d00000| Untracked 
| 110|0x0000000086e00000, 0x0000000086e00000, 0x0000000086f00000|  0%| F|  |TAMS 0x0000000086e00000| PB 0x0000000086e00000| Untracked 
| 111|0x0000000086f00000, 0x0000000086f00000, 0x0000000087000000|  0%| F|  |TAMS 0x0000000086f00000| PB 0x0000000086f00000| Untracked 
| 112|0x0000000087000000, 0x0000000087000000, 0x0000000087100000|  0%| F|  |TAMS 0x0000000087000000| PB 0x0000000087000000| Untracked 
| 113|0x0000000087100000, 0x0000000087100000, 0x0000000087200000|  0%| F|  |TAMS 0x0000000087100000| PB 0x0000000087100000| Untracked 
| 114|0x0000000087200000, 0x0000000087200000, 0x0000000087300000|  0%| F|  |TAMS 0x0000000087200000| PB 0x0000000087200000| Untracked 
| 115|0x0000000087300000, 0x0000000087300000, 0x0000000087400000|  0%| F|  |TAMS 0x0000000087300000| PB 0x0000000087300000| Untracked 
| 116|0x0000000087400000, 0x0000000087400000, 0x0000000087500000|  0%| F|  |TAMS 0x0000000087400000| PB 0x0000000087400000| Untracked 
| 117|0x0000000087500000, 0x0000000087500000, 0x0000000087600000|  0%| F|  |TAMS 0x0000000087500000| PB 0x0000000087500000| Untracked 
| 118|0x0000000087600000, 0x0000000087600000, 0x0000000087700000|  0%| F|  |TAMS 0x0000000087600000| PB 0x0000000087600000| Untracked 
| 119|0x0000000087700000, 0x0000000087700000, 0x0000000087800000|  0%| F|  |TAMS 0x0000000087700000| PB 0x0000000087700000| Untracked 
| 120|0x0000000087800000, 0x0000000087800000, 0x0000000087900000|  0%| F|  |TAMS 0x0000000087800000| PB 0x0000000087800000| Untracked 
| 121|0x0000000087900000, 0x0000000087900000, 0x0000000087a00000|  0%| F|  |TAMS 0x0000000087900000| PB 0x0000000087900000| Untracked 
| 122|0x0000000087a00000, 0x0000000087a00000, 0x0000000087b00000|  0%| F|  |TAMS 0x0000000087a00000| PB 0x0000000087a00000| Untracked 
| 123|0x0000000087b00000, 0x0000000087b00000, 0x0000000087c00000|  0%| F|  |TAMS 0x0000000087b00000| PB 0x0000000087b00000| Untracked 
| 124|0x0000000087c00000, 0x0000000087c00000, 0x0000000087d00000|  0%| F|  |TAMS 0x0000000087c00000| PB 0x0000000087c00000| Untracked 
| 125|0x0000000087d00000, 0x0000000087d00000, 0x0000000087e00000|  0%| F|  |TAMS 0x0000000087d00000| PB 0x0000000087d00000| Untracked 
| 126|0x0000000087e00000, 0x0000000087e00000, 0x0000000087f00000|  0%| F|  |TAMS 0x0000000087e00000| PB 0x0000000087e00000| Untracked 
| 127|0x0000000087f00000, 0x0000000087f00000, 0x0000000088000000|  0%| F|  |TAMS 0x0000000087f00000| PB 0x0000000087f00000| Untracked 
| 128|0x0000000088000000, 0x0000000088000000, 0x0000000088100000|  0%| F|  |TAMS 0x0000000088000000| PB 0x0000000088000000| Untracked 
| 129|0x0000000088100000, 0x0000000088100000, 0x0000000088200000|  0%| F|  |TAMS 0x0000000088100000| PB 0x0000000088100000| Untracked 
| 130|0x0000000088200000, 0x0000000088200000, 0x0000000088300000|  0%| F|  |TAMS 0x0000000088200000| PB 0x0000000088200000| Untracked 
| 131|0x0000000088300000, 0x0000000088300000, 0x0000000088400000|  0%| F|  |TAMS 0x0000000088300000| PB 0x0000000088300000| Untracked 
| 132|0x0000000088400000, 0x0000000088400000, 0x0000000088500000|  0%| F|  |TAMS 0x0000000088400000| PB 0x0000000088400000| Untracked 
| 133|0x0000000088500000, 0x0000000088500000, 0x0000000088600000|  0%| F|  |TAMS 0x0000000088500000| PB 0x0000000088500000| Untracked 
| 134|0x0000000088600000, 0x0000000088600000, 0x0000000088700000|  0%| F|  |TAMS 0x0000000088600000| PB 0x0000000088600000| Untracked 
| 135|0x0000000088700000, 0x0000000088700000, 0x0000000088800000|  0%| F|  |TAMS 0x0000000088700000| PB 0x0000000088700000| Untracked 
| 136|0x0000000088800000, 0x0000000088800000, 0x0000000088900000|  0%| F|  |TAMS 0x0000000088800000| PB 0x0000000088800000| Untracked 
| 137|0x0000000088900000, 0x0000000088900000, 0x0000000088a00000|  0%| F|  |TAMS 0x0000000088900000| PB 0x0000000088900000| Untracked 
| 138|0x0000000088a00000, 0x0000000088a00000, 0x0000000088b00000|  0%| F|  |TAMS 0x0000000088a00000| PB 0x0000000088a00000| Untracked 
| 139|0x0000000088b00000, 0x0000000088b00000, 0x0000000088c00000|  0%| F|  |TAMS 0x0000000088b00000| PB 0x0000000088b00000| Untracked 
| 140|0x0000000088c00000, 0x0000000088c00000, 0x0000000088d00000|  0%| F|  |TAMS 0x0000000088c00000| PB 0x0000000088c00000| Untracked 
| 141|0x0000000088d00000, 0x0000000088d00000, 0x0000000088e00000|  0%| F|  |TAMS 0x0000000088d00000| PB 0x0000000088d00000| Untracked 
| 142|0x0000000088e00000, 0x0000000088e00000, 0x0000000088f00000|  0%| F|  |TAMS 0x0000000088e00000| PB 0x0000000088e00000| Untracked 
| 143|0x0000000088f00000, 0x0000000088f00000, 0x0000000089000000|  0%| F|  |TAMS 0x0000000088f00000| PB 0x0000000088f00000| Untracked 
| 144|0x0000000089000000, 0x0000000089000000, 0x0000000089100000|  0%| F|  |TAMS 0x0000000089000000| PB 0x0000000089000000| Untracked 
| 145|0x0000000089100000, 0x0000000089100000, 0x0000000089200000|  0%| F|  |TAMS 0x0000000089100000| PB 0x0000000089100000| Untracked 
| 146|0x0000000089200000, 0x0000000089200000, 0x0000000089300000|  0%| F|  |TAMS 0x0000000089200000| PB 0x0000000089200000| Untracked 
| 147|0x0000000089300000, 0x0000000089300000, 0x0000000089400000|  0%| F|  |TAMS 0x0000000089300000| PB 0x0000000089300000| Untracked 
| 148|0x0000000089400000, 0x0000000089400000, 0x0000000089500000|  0%| F|  |TAMS 0x0000000089400000| PB 0x0000000089400000| Untracked 
| 149|0x0000000089500000, 0x0000000089500000, 0x0000000089600000|  0%| F|  |TAMS 0x0000000089500000| PB 0x0000000089500000| Untracked 
| 150|0x0000000089600000, 0x0000000089600000, 0x0000000089700000|  0%| F|  |TAMS 0x0000000089600000| PB 0x0000000089600000| Untracked 
| 151|0x0000000089700000, 0x0000000089700000, 0x0000000089800000|  0%| F|  |TAMS 0x0000000089700000| PB 0x0000000089700000| Untracked 
| 152|0x0000000089800000, 0x0000000089800000, 0x0000000089900000|  0%| F|  |TAMS 0x0000000089800000| PB 0x0000000089800000| Untracked 
| 153|0x0000000089900000, 0x000000008995ee38, 0x0000000089a00000| 37%| E|  |TAMS 0x0000000089900000| PB 0x0000000089900000| Complete 
| 154|0x0000000089a00000, 0x0000000089b00000, 0x0000000089b00000|100%| E|CS|TAMS 0x0000000089a00000| PB 0x0000000089a00000| Complete 
| 155|0x0000000089b00000, 0x0000000089c00000, 0x0000000089c00000|100%| E|CS|TAMS 0x0000000089b00000| PB 0x0000000089b00000| Complete 
| 213|0x000000008d500000, 0x000000008d600000, 0x000000008d600000|100%| E|CS|TAMS 0x000000008d500000| PB 0x000000008d500000| Complete 
| 214|0x000000008d600000, 0x000000008d700000, 0x000000008d700000|100%| E|CS|TAMS 0x000000008d600000| PB 0x000000008d600000| Complete 
| 215|0x000000008d700000, 0x000000008d800000, 0x000000008d800000|100%| E|CS|TAMS 0x000000008d700000| PB 0x000000008d700000| Complete 
| 216|0x000000008d800000, 0x000000008d900000, 0x000000008d900000|100%| E|CS|TAMS 0x000000008d800000| PB 0x000000008d800000| Complete 
| 217|0x000000008d900000, 0x000000008da00000, 0x000000008da00000|100%| E|CS|TAMS 0x000000008d900000| PB 0x000000008d900000| Complete 
| 218|0x000000008da00000, 0x000000008db00000, 0x000000008db00000|100%| E|CS|TAMS 0x000000008da00000| PB 0x000000008da00000| Complete 
| 219|0x000000008db00000, 0x000000008dc00000, 0x000000008dc00000|100%| E|CS|TAMS 0x000000008db00000| PB 0x000000008db00000| Complete 
| 220|0x000000008dc00000, 0x000000008dd00000, 0x000000008dd00000|100%| E|CS|TAMS 0x000000008dc00000| PB 0x000000008dc00000| Complete 
| 221|0x000000008dd00000, 0x000000008de00000, 0x000000008de00000|100%| E|CS|TAMS 0x000000008dd00000| PB 0x000000008dd00000| Complete 
| 222|0x000000008de00000, 0x000000008df00000, 0x000000008df00000|100%| E|CS|TAMS 0x000000008de00000| PB 0x000000008de00000| Complete 
| 223|0x000000008df00000, 0x000000008e000000, 0x000000008e000000|100%| E|CS|TAMS 0x000000008df00000| PB 0x000000008df00000| Complete 
| 243|0x000000008f300000, 0x000000008f400000, 0x000000008f400000|100%| E|  |TAMS 0x000000008f300000| PB 0x000000008f300000| Complete 
|2039|0x00000000ff700000, 0x00000000ff800000, 0x00000000ff800000|100%| O|  |TAMS 0x00000000ff700000| PB 0x00000000ff700000| Untracked 
|2040|0x00000000ff800000, 0x00000000ff900000, 0x00000000ff900000|100%| E|CS|TAMS 0x00000000ff800000| PB 0x00000000ff800000| Complete 
|2041|0x00000000ff900000, 0x00000000ffa00000, 0x00000000ffa00000|100%| O|  |TAMS 0x00000000ff900000| PB 0x00000000ff900000| Untracked 
|2042|0x00000000ffa00000, 0x00000000ffb00000, 0x00000000ffb00000|100%| O|  |TAMS 0x00000000ffa00000| PB 0x00000000ffa00000| Untracked 
|2043|0x00000000ffb00000, 0x00000000ffc00000, 0x00000000ffc00000|100%| O|  |TAMS 0x00000000ffb00000| PB 0x00000000ffb00000| Untracked 
|2044|0x00000000ffc00000, 0x00000000ffd00000, 0x00000000ffd00000|100%| O|  |TAMS 0x00000000ffc00000| PB 0x00000000ffc00000| Untracked 
|2045|0x00000000ffd00000, 0x00000000ffe00000, 0x00000000ffe00000|100%| O|  |TAMS 0x00000000ffd00000| PB 0x00000000ffd00000| Untracked 
|2046|0x00000000ffe00000, 0x00000000fff00000, 0x00000000fff00000|100%| O|  |TAMS 0x00000000ffe00000| PB 0x00000000ffe00000| Untracked 
|2047|0x00000000fff00000, 0x0000000100000000, 0x0000000100000000|100%| O|  |TAMS 0x00000000fff00000| PB 0x00000000fff00000| Untracked 

Card table byte_map: [0x0000020ffa810000,0x0000020ffac10000] _byte_map_base: 0x0000020ffa410000

Marking Bits: (CMBitMap*) 0x0000020fe7db6530
 Bits: [0x0000020ffac10000, 0x0000020ffcc10000)

Polling page: 0x0000020fe5b80000

Metaspace:

Usage:
  Non-class:     97.40 MB used.
      Class:     15.75 MB used.
       Both:    113.15 MB used.

Virtual space:
  Non-class space:      128.00 MB reserved,      98.50 MB ( 77%) committed,  2 nodes.
      Class space:        1.00 GB reserved,      16.81 MB (  2%) committed,  1 nodes.
             Both:        1.12 GB reserved,     115.31 MB ( 10%) committed. 

Chunk freelists:
   Non-Class:  12.69 MB
       Class:  15.03 MB
        Both:  27.72 MB

MaxMetaspaceSize: unlimited
CompressedClassSpaceSize: 1.00 GB
Initial GC threshold: 21.00 MB
Current GC threshold: 191.50 MB
CDS: off
 - commit_granule_bytes: 65536.
 - commit_granule_words: 8192.
 - virtual_space_node_default_size: 8388608.
 - enlarge_chunks_in_place: 1.
 - use_allocation_guard: 0.


Internal statistics:

num_allocs_failed_limit: 9.
num_arena_births: 4258.
num_arena_deaths: 10.
num_vsnodes_births: 3.
num_vsnodes_deaths: 0.
num_space_committed: 1845.
num_space_uncommitted: 0.
num_chunks_returned_to_freelist: 31.
num_chunks_taken_from_freelist: 9270.
num_chunk_merges: 9.
num_chunk_splits: 6040.
num_chunks_enlarged: 3778.
num_inconsistent_stats: 0.

CodeHeap 'non-profiled nmethods': size=120000Kb used=7820Kb max_used=7921Kb free=112179Kb
 bounds [0x0000020ff2980000, 0x0000020ff3140000, 0x0000020ff9eb0000]
CodeHeap 'profiled nmethods': size=120000Kb used=21820Kb max_used=21869Kb free=98179Kb
 bounds [0x0000020feaeb0000, 0x0000020fec410000, 0x0000020ff23e0000]
CodeHeap 'non-nmethods': size=5760Kb used=2894Kb max_used=2991Kb free=2865Kb
 bounds [0x0000020ff23e0000, 0x0000020ff26e0000, 0x0000020ff2980000]
 total_blobs=12984 nmethods=11981 adapters=906
 compilation: enabled
              stopped_count=0, restarted_count=0
 full_count=0

Compilation events (20 events):
Event: 24.645 Thread 0x0000020fff9cff20 14400       3       org.gradle.api.internal.artifacts.ivyservice.resolveengine.graph.builder.ModuleResolveState::selectComponentAndEvictOthers (46 bytes)
Event: 24.646 Thread 0x0000020fff9cff20 nmethod 14400 0x0000020feb1a1e10 code [0x0000020feb1a2040, 0x0000020feb1a2798]
Event: 24.646 Thread 0x0000020fff9cff20 14401       3       org.gradle.api.internal.artifacts.ivyservice.resolveengine.graph.builder.ComponentState::select (8 bytes)
Event: 24.646 Thread 0x0000020fff9cff20 nmethod 14401 0x0000020feb517690 code [0x0000020feb517840, 0x0000020feb5179a8]
Event: 24.650 Thread 0x0000020fff9cff20 14402       3       org.gradle.internal.resolve.result.DefaultResourceAwareResolveResult::applyTo (47 bytes)
Event: 24.650 Thread 0x0000020fff9cff20 nmethod 14402 0x0000020feaf10d90 code [0x0000020feaf10fe0, 0x0000020feaf11888]
Event: 24.650 Thread 0x0000020fff9cff20 14403       3       org.gradle.api.internal.artifacts.ivyservice.ivyresolve.RepositoryChainComponentMetaDataResolver::resolveModule (301 bytes)
Event: 24.652 Thread 0x0000020fff9cff20 nmethod 14403 0x0000020feb4b5810 code [0x0000020feb4b5d40, 0x0000020feb4b8a58]
Event: 24.652 Thread 0x0000020fff9cff20 14404       3       org.gradle.api.internal.artifacts.ivyservice.resolveengine.graph.builder.ModuleResolveState::addSelector (62 bytes)
Event: 24.652 Thread 0x0000020fff9cff20 nmethod 14404 0x0000020feaf10490 code [0x0000020feaf10660, 0x0000020feaf109c8]
Event: 24.652 Thread 0x0000020fff9cff20 14405       3       org.gradle.api.internal.artifacts.ivyservice.resolveengine.graph.selectors.SelectorStateResolver::resolveRequireConstraint (57 bytes)
Event: 24.652 Thread 0x0000020fff9cff20 nmethod 14405 0x0000020febe66390 code [0x0000020febe665c0, 0x0000020febe66a50]
Event: 24.657 Thread 0x0000020f8c322180 14406   !   4       com.google.common.cache.LocalCache$Segment::get (210 bytes)
Event: 24.657 Thread 0x0000020fff9cff20 14409       3       org.gradle.internal.component.external.model.ShadowedImmutableCapability::getGroup (10 bytes)
Event: 24.657 Thread 0x0000020fff9cff20 nmethod 14409 0x0000020febae2a90 code [0x0000020febae2c40, 0x0000020febae2e10]
Event: 24.658 Thread 0x0000020fff9cff20 14407       3       org.gradle.api.internal.artifacts.ivyservice.resolveengine.graph.builder.NodeState::<init> (141 bytes)
Event: 24.658 Thread 0x0000020fff9cff20 nmethod 14407 0x0000020feb133310 code [0x0000020feb1335e0, 0x0000020feb134760]
Event: 24.658 Thread 0x0000020fff9cff20 14408       3       org.gradle.api.internal.artifacts.ivyservice.resolveengine.graph.builder.ComponentState::addNode (12 bytes)
Event: 24.658 Thread 0x0000020fff9cff20 nmethod 14408 0x0000020fec065810 code [0x0000020fec0659c0, 0x0000020fec065b90]
Event: 24.664 Thread 0x0000020fff9cff20 14413       3       com.google.common.cache.LocalCache$Segment::setValue (82 bytes)

GC Heap History (20 events):
Event: 14.075 GC heap before
{Heap before GC invocations=38 (full 0):
 garbage-first heap   total 131072K, used 95423K [0x0000000080000000, 0x0000000100000000)
  region size 1024K, 20 young (20480K), 2 survivors (2048K)
 Metaspace       used 90614K, committed 92544K, reserved 1179648K
  class space    used 12364K, committed 13312K, reserved 1048576K
}
Event: 14.078 GC heap after
{Heap after GC invocations=39 (full 0):
 garbage-first heap   total 131072K, used 80928K [0x0000000080000000, 0x0000000100000000)
  region size 1024K, 4 young (4096K), 4 survivors (4096K)
 Metaspace       used 90614K, committed 92544K, reserved 1179648K
  class space    used 12364K, committed 13312K, reserved 1048576K
}
Event: 14.494 GC heap before
{Heap before GC invocations=40 (full 0):
 garbage-first heap   total 143360K, used 122912K [0x0000000080000000, 0x0000000100000000)
  region size 1024K, 41 young (41984K), 4 survivors (4096K)
 Metaspace       used 92577K, committed 94592K, reserved 1179648K
  class space    used 12647K, committed 13632K, reserved 1048576K
}
Event: 14.497 GC heap after
{Heap after GC invocations=41 (full 0):
 garbage-first heap   total 143360K, used 85538K [0x0000000080000000, 0x0000000100000000)
  region size 1024K, 6 young (6144K), 6 survivors (6144K)
 Metaspace       used 92577K, committed 94592K, reserved 1179648K
  class space    used 12647K, committed 13632K, reserved 1048576K
}
Event: 15.059 GC heap before
{Heap before GC invocations=41 (full 0):
 garbage-first heap   total 143360K, used 127522K [0x0000000080000000, 0x0000000100000000)
  region size 1024K, 47 young (48128K), 6 survivors (6144K)
 Metaspace       used 96023K, committed 97984K, reserved 1179648K
  class space    used 13086K, committed 14080K, reserved 1048576K
}
Event: 15.064 GC heap after
{Heap after GC invocations=42 (full 0):
 garbage-first heap   total 143360K, used 87689K [0x0000000080000000, 0x0000000100000000)
  region size 1024K, 3 young (3072K), 3 survivors (3072K)
 Metaspace       used 96023K, committed 97984K, reserved 1179648K
  class space    used 13086K, committed 14080K, reserved 1048576K
}
Event: 15.526 GC heap before
{Heap before GC invocations=42 (full 0):
 garbage-first heap   total 143360K, used 129673K [0x0000000080000000, 0x0000000100000000)
  region size 1024K, 44 young (45056K), 3 survivors (3072K)
 Metaspace       used 97871K, committed 99904K, reserved 1179648K
  class space    used 13324K, committed 14336K, reserved 1048576K
}
Event: 15.530 GC heap after
{Heap after GC invocations=43 (full 0):
 garbage-first heap   total 143360K, used 90968K [0x0000000080000000, 0x0000000100000000)
  region size 1024K, 6 young (6144K), 6 survivors (6144K)
 Metaspace       used 97871K, committed 99904K, reserved 1179648K
  class space    used 13324K, committed 14336K, reserved 1048576K
}
Event: 16.069 GC heap before
{Heap before GC invocations=44 (full 0):
 garbage-first heap   total 152576K, used 129880K [0x0000000080000000, 0x0000000100000000)
  region size 1024K, 43 young (44032K), 6 survivors (6144K)
 Metaspace       used 100660K, committed 102720K, reserved 1179648K
  class space    used 13769K, committed 14784K, reserved 1048576K
}
Event: 16.073 GC heap after
{Heap after GC invocations=45 (full 0):
 garbage-first heap   total 152576K, used 92768K [0x0000000080000000, 0x0000000100000000)
  region size 1024K, 2 young (2048K), 2 survivors (2048K)
 Metaspace       used 100660K, committed 102720K, reserved 1179648K
  class space    used 13769K, committed 14784K, reserved 1048576K
}
Event: 16.720 GC heap before
{Heap before GC invocations=45 (full 0):
 garbage-first heap   total 152576K, used 138848K [0x0000000080000000, 0x0000000100000000)
  region size 1024K, 47 young (48128K), 2 survivors (2048K)
 Metaspace       used 104452K, committed 106496K, reserved 1179648K
  class space    used 14417K, committed 15424K, reserved 1048576K
}
Event: 16.724 GC heap after
{Heap after GC invocations=46 (full 0):
 garbage-first heap   total 152576K, used 93102K [0x0000000080000000, 0x0000000100000000)
  region size 1024K, 4 young (4096K), 4 survivors (4096K)
 Metaspace       used 104452K, committed 106496K, reserved 1179648K
  class space    used 14417K, committed 15424K, reserved 1048576K
}
Event: 17.357 GC heap before
{Heap before GC invocations=46 (full 0):
 garbage-first heap   total 152576K, used 139182K [0x0000000080000000, 0x0000000100000000)
  region size 1024K, 49 young (50176K), 4 survivors (4096K)
 Metaspace       used 108015K, committed 110208K, reserved 1179648K
  class space    used 14942K, committed 16000K, reserved 1048576K
}
Event: 17.361 GC heap after
{Heap after GC invocations=47 (full 0):
 garbage-first heap   total 152576K, used 96035K [0x0000000080000000, 0x0000000100000000)
  region size 1024K, 6 young (6144K), 6 survivors (6144K)
 Metaspace       used 108015K, committed 110208K, reserved 1179648K
  class space    used 14942K, committed 16000K, reserved 1048576K
}
Event: 18.135 GC heap before
{Heap before GC invocations=48 (full 0):
 garbage-first heap   total 160768K, used 136995K [0x0000000080000000, 0x0000000100000000)
  region size 1024K, 46 young (47104K), 6 survivors (6144K)
 Metaspace       used 111834K, committed 114048K, reserved 1179648K
  class space    used 15536K, committed 16640K, reserved 1048576K
}
Event: 18.139 GC heap after
{Heap after GC invocations=49 (full 0):
 garbage-first heap   total 160768K, used 97685K [0x0000000080000000, 0x0000000100000000)
  region size 1024K, 5 young (5120K), 5 survivors (5120K)
 Metaspace       used 111834K, committed 114048K, reserved 1179648K
  class space    used 15536K, committed 16640K, reserved 1048576K
}
Event: 18.867 GC heap before
{Heap before GC invocations=49 (full 0):
 garbage-first heap   total 160768K, used 145813K [0x0000000080000000, 0x0000000100000000)
  region size 1024K, 52 young (53248K), 5 survivors (5120K)
 Metaspace       used 113988K, committed 116160K, reserved 1179648K
  class space    used 15831K, committed 16896K, reserved 1048576K
}
Event: 18.874 GC heap after
{Heap after GC invocations=50 (full 0):
 garbage-first heap   total 160768K, used 101720K [0x0000000080000000, 0x0000000100000000)
  region size 1024K, 7 young (7168K), 7 survivors (7168K)
 Metaspace       used 113988K, committed 116160K, reserved 1179648K
  class space    used 15831K, committed 16896K, reserved 1048576K
}
Event: 23.350 GC heap before
{Heap before GC invocations=50 (full 0):
 garbage-first heap   total 160768K, used 143704K [0x0000000080000000, 0x0000000100000000)
  region size 1024K, 48 young (49152K), 7 survivors (7168K)
 Metaspace       used 114961K, committed 117184K, reserved 1179648K
  class space    used 15976K, committed 17088K, reserved 1048576K
}
Event: 23.358 GC heap after
{Heap after GC invocations=51 (full 0):
 garbage-first heap   total 160768K, used 108341K [0x0000000080000000, 0x0000000100000000)
  region size 1024K, 6 young (6144K), 6 survivors (6144K)
 Metaspace       used 114961K, committed 117184K, reserved 1179648K
  class space    used 15976K, committed 17088K, reserved 1048576K
}

Dll operation events (3 events):
Event: 0.011 Loaded shared library D:\Androi\jbr\bin\java.dll
Event: 0.019 Loaded shared library D:\Androi\jbr\bin\zip.dll
Event: 0.529 Loaded shared library D:\Androi\jbr\bin\verify.dll

Deoptimization events (20 events):
Event: 24.468 Thread 0x0000020f8b914390 DEOPT UNPACKING pc=0x0000020ff24346a2 sp=0x000000757f4fb158 mode 2
Event: 24.470 Thread 0x0000020f8b914390 Uncommon trap: trap_request=0xffffff45 fr.pc=0x0000020ff2fdb960 relative=0x0000000000000b40
Event: 24.470 Thread 0x0000020f8b914390 Uncommon trap: reason=unstable_if action=reinterpret pc=0x0000020ff2fdb960 method=org.gradle.internal.file.FileHierarchySet$Node.isChildOfOrThis(Ljava/lang/String;I)Z @ 89 c2
Event: 24.470 Thread 0x0000020f8b914390 DEOPT PACKING pc=0x0000020ff2fdb960 sp=0x000000757f4fb200
Event: 24.470 Thread 0x0000020f8b914390 DEOPT UNPACKING pc=0x0000020ff24346a2 sp=0x000000757f4fb148 mode 2
Event: 24.482 Thread 0x0000020f8b914390 Uncommon trap: trap_request=0xffffff45 fr.pc=0x0000020ff2fe9c84 relative=0x00000000000001e4
Event: 24.482 Thread 0x0000020f8b914390 Uncommon trap: reason=unstable_if action=reinterpret pc=0x0000020ff2fe9c84 method=org.gradle.internal.hash.HashCode.fromBytes([BLorg/gradle/internal/hash/HashCode$Usage;)Lorg/gradle/internal/hash/HashCode; @ 2 c2
Event: 24.482 Thread 0x0000020f8b914390 DEOPT PACKING pc=0x0000020ff2fe9c84 sp=0x000000757f4f9e40
Event: 24.482 Thread 0x0000020f8b914390 DEOPT UNPACKING pc=0x0000020ff24346a2 sp=0x000000757f4f9d88 mode 2
Event: 24.486 Thread 0x0000020f8b914390 Uncommon trap: trap_request=0xffffff45 fr.pc=0x0000020ff2ea9f20 relative=0x00000000000001e0
Event: 24.486 Thread 0x0000020f8b914390 Uncommon trap: reason=unstable_if action=reinterpret pc=0x0000020ff2ea9f20 method=org.gradle.internal.hash.HashCode.fromBytes([BLorg/gradle/internal/hash/HashCode$Usage;)Lorg/gradle/internal/hash/HashCode; @ 2 c2
Event: 24.486 Thread 0x0000020f8b914390 DEOPT PACKING pc=0x0000020ff2ea9f20 sp=0x000000757f4f9de0
Event: 24.486 Thread 0x0000020f8b914390 DEOPT UNPACKING pc=0x0000020ff24346a2 sp=0x000000757f4f9d90 mode 2
Event: 24.607 Thread 0x0000020f8b914390 Uncommon trap: trap_request=0xffffff76 fr.pc=0x0000020ff2b748fc relative=0x000000000000041c
Event: 24.607 Thread 0x0000020f8b914390 Uncommon trap: reason=predicate action=maybe_recompile pc=0x0000020ff2b748fc method=java.util.AbstractCollection.toArray([Ljava/lang/Object;)[Ljava/lang/Object; @ 43 c2
Event: 24.607 Thread 0x0000020f8b914390 DEOPT PACKING pc=0x0000020ff2b748fc sp=0x000000757f4f8b50
Event: 24.607 Thread 0x0000020f8b914390 DEOPT UNPACKING pc=0x0000020ff24346a2 sp=0x000000757f4f8af8 mode 2
Event: 24.612 Thread 0x0000020f8b914390 DEOPT PACKING pc=0x0000020feb6379a1 sp=0x000000757f4f9b90
Event: 24.612 Thread 0x0000020f8b914390 DEOPT UNPACKING pc=0x0000020ff2434e42 sp=0x000000757f4f9090 mode 0
Event: 24.702 Thread 0x0000020f8b914390 Uncommon trap: trap_request=0xffffffd6 fr.pc=0x0000020ff3025618 relative=0x0000000000000598

Classes loaded (20 events):
Event: 18.179 Loading class com/sun/org/apache/xerces/internal/impl/io/MalformedByteSequenceException
Event: 18.179 Loading class java/io/CharConversionException
Event: 18.179 Loading class java/io/CharConversionException done
Event: 18.179 Loading class com/sun/org/apache/xerces/internal/impl/io/MalformedByteSequenceException done
Event: 18.704 Loading class java/util/IdentityHashMap$KeyIterator
Event: 18.704 Loading class java/util/IdentityHashMap$KeyIterator done
Event: 18.711 Loading class java/util/TreeMap$KeySpliterator
Event: 18.711 Loading class java/util/TreeMap$TreeMapSpliterator
Event: 18.711 Loading class java/util/TreeMap$TreeMapSpliterator done
Event: 18.711 Loading class java/util/TreeMap$KeySpliterator done
Event: 19.000 Loading class java/io/FilterReader
Event: 19.000 Loading class java/io/FilterReader done
Event: 19.171 Loading class java/lang/management/RuntimeMXBean
Event: 19.171 Loading class java/lang/management/RuntimeMXBean done
Event: 19.171 Loading class sun/management/RuntimeImpl
Event: 19.171 Loading class sun/management/RuntimeImpl done
Event: 24.493 Loading class java/io/SequenceInputStream
Event: 24.494 Loading class java/io/SequenceInputStream done
Event: 24.498 Loading class java/util/function/IntUnaryOperator
Event: 24.498 Loading class java/util/function/IntUnaryOperator done

Classes unloaded (20 events):
Event: 8.655 Thread 0x0000020fff94a3a0 Unloading class 0x000000010074c000 '_BuildScript_'
Event: 9.647 Thread 0x0000020fff94a3a0 Unloading class 0x0000000100950410 '_BuildScript_$_run_closure1$_closure2'
Event: 9.647 Thread 0x0000020fff94a3a0 Unloading class 0x0000000100950000 '_BuildScript_$_run_closure1'
Event: 9.647 Thread 0x0000020fff94a3a0 Unloading class 0x0000000100949800 '_BuildScript_'
Event: 9.647 Thread 0x0000020fff94a3a0 Unloading class 0x0000000100945410 '_BuildScript_$_run_closure1$_closure2$_closure4'
Event: 9.647 Thread 0x0000020fff94a3a0 Unloading class 0x0000000100945000 '_BuildScript_$_run_closure1$_closure2$_closure3'
Event: 9.647 Thread 0x0000020fff94a3a0 Unloading class 0x0000000100944968 '_BuildScript_$_run_closure1$_closure2'
Event: 9.647 Thread 0x0000020fff94a3a0 Unloading class 0x0000000100944558 '_BuildScript_$_run_closure1'
Event: 9.647 Thread 0x0000020fff94a3a0 Unloading class 0x0000000100944000 '_BuildScript_'
Event: 11.034 Thread 0x0000020fff94a3a0 Unloading class 0x0000000100958820 '_BuildScript_'
Event: 11.034 Thread 0x0000020fff94a3a0 Unloading class 0x0000000100958410 'SetupUtpTestResultListenerAction$_execute_closure1$_closure2'
Event: 11.034 Thread 0x0000020fff94a3a0 Unloading class 0x0000000100958000 'SetupUtpTestResultListenerAction$_execute_closure1'
Event: 11.034 Thread 0x0000020fff94a3a0 Unloading class 0x0000000100955c00 'SetupUtpTestResultListenerAction'
Event: 11.034 Thread 0x0000020fff94a3a0 Unloading class 0x0000000100953820 '_BuildScript_$_run_closure1$_closure3'
Event: 11.034 Thread 0x0000020fff94a3a0 Unloading class 0x0000000100953410 '_BuildScript_$_run_closure1$_closure2'
Event: 11.034 Thread 0x0000020fff94a3a0 Unloading class 0x0000000100953000 '_BuildScript_$_run_closure1'
Event: 11.034 Thread 0x0000020fff94a3a0 Unloading class 0x00000001009528e8 '_BuildScript_'
Event: 11.034 Thread 0x0000020fff94a3a0 Unloading class 0x00000001009524d8 'KotlinCoroutineJvmDebugArgumentsProvider$_asArguments_closure1'
Event: 11.034 Thread 0x0000020fff94a3a0 Unloading class 0x0000000100952220 'KotlinCoroutineJvmDebugArgumentsProvider'
Event: 11.034 Thread 0x0000020fff94a3a0 Unloading class 0x0000000100952000 'Properties'

Classes redefined (0 events):
No events

Internal exceptions (20 events):
Event: 19.092 Thread 0x0000020f85a5f460 Exception <a 'java/lang/ClassNotFoundException'{0x0000000087643d40}: com/android/build/gradle/internal/tasks/ListingFileRedirectTask_DecoratedBeanInfo> (0x0000000087643d40) 
thrown [s\src\hotspot\share\classfile\systemDictionary.cpp, line 312]
Event: 19.093 Thread 0x0000020f85a5f460 Exception <a 'java/lang/ClassNotFoundException'{0x00000000876509e8}: com/android/build/gradle/internal/tasks/ListingFileRedirectTaskBeanInfo> (0x00000000876509e8) 
thrown [s\src\hotspot\share\classfile\systemDictionary.cpp, line 312]
Event: 19.093 Thread 0x0000020f85a5f460 Exception <a 'java/lang/ClassNotFoundException'{0x000000008765d6b0}: com/android/build/gradle/internal/tasks/ListingFileRedirectTaskCustomizer> (0x000000008765d6b0) 
thrown [s\src\hotspot\share\classfile\systemDictionary.cpp, line 312]
Event: 19.095 Thread 0x0000020f85a5f460 Exception <a 'java/lang/ClassNotFoundException'{0x000000008767ab10}: com/android/build/gradle/internal/tasks/ListingFileRedirectTask_DecoratedCustomizer> (0x000000008767ab10) 
thrown [s\src\hotspot\share\classfile\systemDictionary.cpp, line 312]
Event: 19.101 Thread 0x0000020f85a5f460 Exception <a 'java/lang/NoSuchMethodError'{0x00000000876e1c48}: 'void java.lang.invoke.DirectMethodHandle$Holder.invokeSpecial(java.lang.Object, java.lang.Object, java.lang.Object, java.lang.Object, int, java.lang.Object, java.lang.Object)'> (0x00000000876e1c48) 
thrown [s\src\hotspot\share\interpreter\linkResolver.cpp, line 784]
Event: 19.186 Thread 0x0000020f8b916460 Exception <a 'java/lang/NoSuchMethodError'{0x000000008712f518}: 'java.lang.Object java.lang.invoke.DirectMethodHandle$Holder.newInvokeSpecial(java.lang.Object, java.lang.Object, int, java.lang.Object, java.lang.Object)'> (0x000000008712f518) 
thrown [s\src\hotspot\share\interpreter\linkResolver.cpp, line 784]
Event: 22.305 Thread 0x0000020f8b918530 Exception <a 'java/lang/NoSuchMethodError'{0x0000000086d21a98}: 'java.lang.Object java.lang.invoke.DirectMethodHandle$Holder.invokeVirtual(java.lang.Object, java.lang.Object, java.lang.Object, java.lang.Object, java.lang.Object, java.lang.Object, java.lang.Object, java.lang.Object, java.lang.Object, java.lang.Object, java.lang.Object, java.lang.Object, java.lang.Object, java.lang.Object, java.lang.Object, java.lang.Object, java.lang.Object, java.lang.Object, java.lang.Object)'> (0x0000000086d21a98) 
thrown
Event: 23.320 Thread 0x0000020f85a4d5f0 Exception <a 'java/lang/NoSuchMethodError'{0x0000000086c274e0}: static Lorg/gradle/internal/build/event/types/DefaultTaskStartedProgressEvent;.<clinit>()V> (0x0000000086c274e0) 
thrown [s\src\hotspot\share\prims\jni.cpp, line 1144]
Event: 23.321 Thread 0x0000020f85a4d5f0 Exception <a 'java/lang/NoSuchMethodError'{0x0000000086c329c0}: static Lorg/gradle/internal/build/event/types/DefaultTaskDescriptor;.<clinit>()V> (0x0000000086c329c0) 
thrown [s\src\hotspot\share\prims\jni.cpp, line 1144]
Event: 23.339 Thread 0x0000020f85a4d5f0 Exception <a 'java/lang/NoSuchMethodError'{0x0000000086c60810}: static Lorg/gradle/internal/build/event/types/DefaultTaskFinishedProgressEvent;.<clinit>()V> (0x0000000086c60810) 
thrown [s\src\hotspot\share\prims\jni.cpp, line 1144]
Event: 23.340 Thread 0x0000020f85a4d5f0 Exception <a 'java/lang/NoSuchMethodError'{0x0000000086ca2f58}: static Lorg/gradle/internal/build/event/types/DefaultTaskSuccessResult;.<clinit>()V> (0x0000000086ca2f58) 
thrown [s\src\hotspot\share\prims\jni.cpp, line 1144]
Event: 23.340 Thread 0x0000020f85a4d5f0 Exception <a 'java/lang/NoSuchMethodError'{0x0000000086ca46b0}: static Lorg/gradle/internal/build/event/types/AbstractTaskResult;.<clinit>()V> (0x0000000086ca46b0) 
thrown [s\src\hotspot\share\prims\jni.cpp, line 1144]
Event: 23.396 Thread 0x0000020f880b7540 Exception <a 'java/lang/NoSuchMethodError'{0x000000008df6a800}: static Lcom/android/buildanalyzer/common/AndroidGradlePluginAttributionData$BuildInfo;.<clinit>()V> (0x000000008df6a800) 
thrown [s\src\hotspot\share\prims\jni.cpp, line 1144]
Event: 23.397 Thread 0x0000020f880b7540 Exception <a 'java/lang/NoSuchMethodError'{0x000000008df828d0}: static Lcom/android/buildanalyzer/common/AndroidGradlePluginAttributionData$JavaInfo;.<clinit>()V> (0x000000008df828d0) 
thrown [s\src\hotspot\share\prims\jni.cpp, line 1144]
Event: 23.400 Thread 0x0000020f880b7540 Exception <a 'java/lang/NoSuchMethodError'{0x000000008dfa9548}: static [Ljava/lang/String;.<clinit>()V> (0x000000008dfa9548) 
thrown [s\src\hotspot\share\prims\jni.cpp, line 1144]
Event: 23.401 Thread 0x0000020f880b7540 Exception <a 'java/lang/NoSuchMethodError'{0x000000008dfb8d88}: static Lcom/android/buildanalyzer/common/AndroidGradlePluginAttributionData$TaskInfo;.<clinit>()V> (0x000000008dfb8d88) 
thrown [s\src\hotspot\share\prims\jni.cpp, line 1144]
Event: 23.402 Thread 0x0000020f880b7540 Exception <a 'java/lang/NoSuchMethodError'{0x000000008dfc6358}: static Lcom/android/buildanalyzer/common/AndroidGradlePluginAttributionData$TaskCategoryInfo;.<clinit>()V> (0x000000008dfc6358) 
thrown [s\src\hotspot\share\prims\jni.cpp, line 1144]
Event: 23.414 Thread 0x0000020f8b918530 Exception <a 'sun/nio/fs/WindowsException'{0x000000008df0a200}> (0x000000008df0a200) 
thrown [s\src\hotspot\share\prims\jni.cpp, line 537]
Event: 24.458 Thread 0x0000020f85a4d5f0 Exception <a 'java/lang/NoSuchMethodError'{0x000000008dd86238}: static Lorg/gradle/internal/build/event/types/DefaultTaskSkippedResult;.<clinit>()V> (0x000000008dd86238) 
thrown [s\src\hotspot\share\prims\jni.cpp, line 1144]
Event: 24.499 Thread 0x0000020f8b914390 Exception <a 'java/lang/NoSuchMethodError'{0x000000008db09620}: 'int java.lang.invoke.DirectMethodHandle$Holder.invokeSpecial(java.lang.Object, java.lang.Object, int)'> (0x000000008db09620) 
thrown [s\src\hotspot\share\interpreter\linkResolver.cpp, line 784]

ZGC Phase Switch (0 events):
No events

VM Operations (20 events):
Event: 20.204 Executing VM operation: Cleanup done
Event: 21.213 Executing VM operation: Cleanup
Event: 22.302 Executing VM operation: Cleanup done
Event: 23.302 Executing VM operation: Cleanup
Event: 23.302 Executing VM operation: Cleanup done
Event: 23.315 Executing VM operation: HandshakeAllThreads (Deoptimize)
Event: 23.315 Executing VM operation: HandshakeAllThreads (Deoptimize) done
Event: 23.342 Executing VM operation: G1CollectForAllocation (G1 Evacuation Pause)
Event: 23.358 Executing VM operation: G1CollectForAllocation (G1 Evacuation Pause) done
Event: 23.420 Executing VM operation: G1PauseRemark
Event: 24.437 Executing VM operation: G1PauseRemark done
Event: 24.447 Executing VM operation: HandshakeAllThreads (Deoptimize)
Event: 24.448 Executing VM operation: HandshakeAllThreads (Deoptimize) done
Event: 24.462 Executing VM operation: G1PauseCleanup
Event: 24.462 Executing VM operation: G1PauseCleanup done
Event: 24.477 Executing VM operation: HandshakeAllThreads (Deoptimize)
Event: 24.477 Executing VM operation: HandshakeAllThreads (Deoptimize) done
Event: 24.546 Executing VM operation: HandshakeAllThreads (Deoptimize)
Event: 24.546 Executing VM operation: HandshakeAllThreads (Deoptimize) done
Event: 25.547 Executing VM operation: Cleanup

Memory protections (0 events):
No events

Nmethod flushes (20 events):
Event: 23.425 Thread 0x0000020fff94a3a0 flushing  nmethod 0x0000020feb802010
Event: 23.425 Thread 0x0000020fff94a3a0 flushing  nmethod 0x0000020feb845590
Event: 23.425 Thread 0x0000020fff94a3a0 flushing  nmethod 0x0000020feb8d8490
Event: 23.425 Thread 0x0000020fff94a3a0 flushing  nmethod 0x0000020feb9bb010
Event: 23.425 Thread 0x0000020fff94a3a0 flushing  nmethod 0x0000020febb4cb10
Event: 23.425 Thread 0x0000020fff94a3a0 flushing  nmethod 0x0000020febd91390
Event: 23.425 Thread 0x0000020fff94a3a0 flushing  nmethod 0x0000020febdf1890
Event: 23.425 Thread 0x0000020fff94a3a0 flushing  nmethod 0x0000020feb27ca90
Event: 23.425 Thread 0x0000020fff94a3a0 flushing  nmethod 0x0000020feb2ea610
Event: 23.425 Thread 0x0000020fff94a3a0 flushing  nmethod 0x0000020feb3b4190
Event: 23.425 Thread 0x0000020fff94a3a0 flushing  nmethod 0x0000020feb4c7910
Event: 23.425 Thread 0x0000020fff94a3a0 flushing  nmethod 0x0000020feb5ca810
Event: 23.425 Thread 0x0000020fff94a3a0 flushing  nmethod 0x0000020feb821e90
Event: 23.425 Thread 0x0000020fff94a3a0 flushing  nmethod 0x0000020feb82be10
Event: 23.425 Thread 0x0000020fff94a3a0 flushing  nmethod 0x0000020feb899c90
Event: 23.425 Thread 0x0000020fff94a3a0 flushing  nmethod 0x0000020feb900890
Event: 23.425 Thread 0x0000020fff94a3a0 flushing  nmethod 0x0000020febaed910
Event: 23.425 Thread 0x0000020fff94a3a0 flushing  nmethod 0x0000020febb40890
Event: 23.425 Thread 0x0000020fff94a3a0 flushing  nmethod 0x0000020febb8a890
Event: 23.425 Thread 0x0000020fff94a3a0 flushing  nmethod 0x0000020febebc610

Events (20 events):
Event: 13.589 Thread 0x0000020fff9cff20 Thread added: 0x0000020f889e9940
Event: 13.826 Thread 0x0000020fff9cff20 Thread added: 0x0000020f889e7060
Event: 13.845 Thread 0x0000020f85a5f460 Thread added: 0x0000020f880b4750
Event: 16.003 Thread 0x0000020f889e7060 Thread exited: 0x0000020f889e7060
Event: 16.087 Thread 0x0000020f889e9940 Thread exited: 0x0000020f889e9940
Event: 16.829 Thread 0x0000020fff9cff20 Thread added: 0x0000020f8c320d10
Event: 17.046 Thread 0x0000020fff9cff20 Thread added: 0x0000020f8c322180
Event: 19.181 Thread 0x0000020f85a5f460 Thread added: 0x0000020f8b916460
Event: 19.188 Thread 0x0000020f8b916460 Thread added: 0x0000020f8b913d00
Event: 19.189 Thread 0x0000020f8b916460 Thread added: 0x0000020f8b914390
Event: 19.189 Thread 0x0000020f8b916460 Thread added: 0x0000020f8b917810
Event: 19.189 Thread 0x0000020f8b916460 Thread added: 0x0000020f8b917ea0
Event: 19.189 Thread 0x0000020f8b916460 Thread added: 0x0000020f8b914a20
Event: 19.189 Thread 0x0000020f8b916460 Thread added: 0x0000020f8b918530
Event: 19.189 Thread 0x0000020f8b916460 Thread added: 0x0000020f880b40c0
Event: 19.189 Thread 0x0000020f8b916460 Thread added: 0x0000020f880b8260
Event: 19.190 Thread 0x0000020f8b916460 Thread added: 0x0000020f880b4de0
Event: 19.190 Thread 0x0000020f8b916460 Thread added: 0x0000020f880b5470
Event: 19.190 Thread 0x0000020f8b916460 Thread added: 0x0000020f880b8f80
Event: 20.235 Thread 0x0000020f8b918530 Thread added: 0x0000020f880b7bd0


Dynamic libraries:
0x00007ff6ec850000 - 0x00007ff6ec85a000 	D:\Androi\jbr\bin\java.exe
0x00007ffe8e220000 - 0x00007ffe8e488000 	C:\WINDOWS\SYSTEM32\ntdll.dll
0x00007ffe8dad0000 - 0x00007ffe8db99000 	C:\WINDOWS\System32\KERNEL32.DLL
0x00007ffe8b9d0000 - 0x00007ffe8bdc8000 	C:\WINDOWS\System32\KERNELBASE.dll
0x00007ffe8b590000 - 0x00007ffe8b6db000 	C:\WINDOWS\System32\ucrtbase.dll
0x00007ffe4d7a0000 - 0x00007ffe4d7b8000 	D:\Androi\jbr\bin\jli.dll
0x00007ffe77520000 - 0x00007ffe7753b000 	D:\Androi\jbr\bin\VCRUNTIME140.dll
0x00007ffe8de20000 - 0x00007ffe8dfe7000 	C:\WINDOWS\System32\USER32.dll
0x00007ffe8bf00000 - 0x00007ffe8bf27000 	C:\WINDOWS\System32\win32u.dll
0x00007ffe76c90000 - 0x00007ffe76f24000 	C:\WINDOWS\WinSxS\amd64_microsoft.windows.common-controls_6595b64144ccf1df_6.0.26100.7019_none_3e06ffa0e335b8a8\COMCTL32.dll
0x00007ffe8dbe0000 - 0x00007ffe8dc0b000 	C:\WINDOWS\System32\GDI32.dll
0x00007ffe8ce80000 - 0x00007ffe8cf29000 	C:\WINDOWS\System32\msvcrt.dll
0x00007ffe8bdd0000 - 0x00007ffe8befc000 	C:\WINDOWS\System32\gdi32full.dll
0x00007ffe8b6e0000 - 0x00007ffe8b783000 	C:\WINDOWS\System32\msvcp_win.dll
0x00007ffe8dba0000 - 0x00007ffe8dbd1000 	C:\WINDOWS\System32\IMM32.DLL
0x00007ffe85360000 - 0x00007ffe8536c000 	D:\Androi\jbr\bin\vcruntime140_1.dll
0x00007ffe21860000 - 0x00007ffe218ed000 	D:\Androi\jbr\bin\msvcp140.dll
0x00007ffd71ab0000 - 0x00007ffd7273e000 	D:\Androi\jbr\bin\server\jvm.dll
0x00007ffe8c550000 - 0x00007ffe8c604000 	C:\WINDOWS\System32\ADVAPI32.dll
0x00007ffe8d290000 - 0x00007ffe8d336000 	C:\WINDOWS\System32\sechost.dll
0x00007ffe8dff0000 - 0x00007ffe8e108000 	C:\WINDOWS\System32\RPCRT4.dll
0x00007ffe8dda0000 - 0x00007ffe8de14000 	C:\WINDOWS\System32\WS2_32.dll
0x00007ffe89f60000 - 0x00007ffe89fbe000 	C:\WINDOWS\SYSTEM32\POWRPROF.dll
0x00007ffe7f130000 - 0x00007ffe7f165000 	C:\WINDOWS\SYSTEM32\WINMM.dll
0x00007ffe82790000 - 0x00007ffe8279b000 	C:\WINDOWS\SYSTEM32\VERSION.dll
0x00007ffe89f40000 - 0x00007ffe89f54000 	C:\WINDOWS\SYSTEM32\UMPDC.dll
0x00007ffe8a230000 - 0x00007ffe8a24b000 	C:\WINDOWS\SYSTEM32\kernel.appcore.dll
0x00007ffe83960000 - 0x00007ffe8396a000 	D:\Androi\jbr\bin\jimage.dll
0x00007ffe80960000 - 0x00007ffe80ba2000 	C:\WINDOWS\SYSTEM32\DBGHELP.DLL
0x00007ffe8d3c0000 - 0x00007ffe8d74b000 	C:\WINDOWS\System32\combase.dll
0x00007ffe8d9f0000 - 0x00007ffe8dac7000 	C:\WINDOWS\System32\OLEAUT32.dll
0x00007ffe62ef0000 - 0x00007ffe62f2c000 	C:\WINDOWS\SYSTEM32\dbgcore.DLL
0x00007ffe8b370000 - 0x00007ffe8b415000 	C:\WINDOWS\System32\bcryptPrimitives.dll
0x00007ffe684e0000 - 0x00007ffe684ee000 	D:\Androi\jbr\bin\instrument.dll
0x00007ffe6b5d0000 - 0x00007ffe6b5f0000 	D:\Androi\jbr\bin\java.dll
0x00007ffe6b550000 - 0x00007ffe6b568000 	D:\Androi\jbr\bin\zip.dll
0x00007ffe8c610000 - 0x00007ffe8cd5f000 	C:\WINDOWS\System32\SHELL32.dll
0x00007ffe8b420000 - 0x00007ffe8b58b000 	C:\WINDOWS\System32\wintypes.dll
0x00007ffe88f70000 - 0x00007ffe897cd000 	C:\WINDOWS\SYSTEM32\windows.storage.dll
0x00007ffe8cd80000 - 0x00007ffe8ce72000 	C:\WINDOWS\System32\SHCORE.dll
0x00007ffe8d8f0000 - 0x00007ffe8d957000 	C:\WINDOWS\System32\shlwapi.dll
0x00007ffe8b290000 - 0x00007ffe8b2b9000 	C:\WINDOWS\SYSTEM32\profapi.dll
0x00007ffe838f0000 - 0x00007ffe83900000 	D:\Androi\jbr\bin\net.dll
0x00007ffe84a70000 - 0x00007ffe84b98000 	C:\WINDOWS\SYSTEM32\WINHTTP.dll
0x00007ffe8a7c0000 - 0x00007ffe8a82b000 	C:\WINDOWS\system32\mswsock.dll
0x00007ffe6b530000 - 0x00007ffe6b546000 	D:\Androi\jbr\bin\nio.dll
0x00007ffe852e0000 - 0x00007ffe852f0000 	D:\Androi\jbr\bin\verify.dll
0x00007ffe4d1b0000 - 0x00007ffe4d1d7000 	C:\Users\Nguyen Hai Dang\.gradle\native\1def1411415f61bf3af743bc5b6707747c0891f09f0c88961ee8f79bc544acac\windows-amd64\native-platform.dll
0x00007ffe0e0f0000 - 0x00007ffe0e168000 	C:\Users\Nguyen Hai Dang\.gradle\native\0.2.7\x86_64-windows-gnu\gradle-fileevents.dll
0x00007ffe85340000 - 0x00007ffe85349000 	D:\Androi\jbr\bin\management.dll
0x00007ffe85330000 - 0x00007ffe8533b000 	D:\Androi\jbr\bin\management_ext.dll
0x00007ffe8d9e0000 - 0x00007ffe8d9e8000 	C:\WINDOWS\System32\PSAPI.DLL
0x00007ffe89bd0000 - 0x00007ffe89c04000 	C:\WINDOWS\SYSTEM32\IPHLPAPI.DLL
0x00007ffe8d110000 - 0x00007ffe8d11a000 	C:\WINDOWS\System32\NSI.dll
0x00007ffe878d0000 - 0x00007ffe878d9000 	D:\Androi\jbr\bin\extnet.dll
0x00007ffe8aa80000 - 0x00007ffe8aa9b000 	C:\WINDOWS\SYSTEM32\CRYPTSP.dll
0x00007ffe8a190000 - 0x00007ffe8a1ca000 	C:\WINDOWS\system32\rsaenh.dll
0x00007ffe8a870000 - 0x00007ffe8a89b000 	C:\WINDOWS\SYSTEM32\USERENV.dll
0x00007ffe8b260000 - 0x00007ffe8b28a000 	C:\WINDOWS\SYSTEM32\bcrypt.dll
0x00007ffe8aaa0000 - 0x00007ffe8aaac000 	C:\WINDOWS\SYSTEM32\CRYPTBASE.dll
0x00007ffe0da70000 - 0x00007ffe0da78000 	C:\WINDOWS\system32\wshunix.dll

dbghelp: loaded successfully - version: 4.0.5 - missing functions: none
symbol engine: initialized successfully - sym options: 0x614 - pdb path: .;D:\Androi\jbr\bin;C:\WINDOWS\SYSTEM32;C:\WINDOWS\WinSxS\amd64_microsoft.windows.common-controls_6595b64144ccf1df_6.0.26100.7019_none_3e06ffa0e335b8a8;D:\Androi\jbr\bin\server;C:\Users\Nguyen Hai Dang\.gradle\native\1def1411415f61bf3af743bc5b6707747c0891f09f0c88961ee8f79bc544acac\windows-amd64;C:\Users\Nguyen Hai Dang\.gradle\native\0.2.7\x86_64-windows-gnu

VM Arguments:
jvm_args: --add-opens=java.base/java.lang=ALL-UNNAMED --add-opens=java.base/java.lang.invoke=ALL-UNNAMED --add-opens=java.base/java.util=ALL-UNNAMED --add-opens=java.prefs/java.util.prefs=ALL-UNNAMED --add-exports=jdk.compiler/com.sun.tools.javac.api=ALL-UNNAMED --add-exports=jdk.compiler/com.sun.tools.javac.util=ALL-UNNAMED --add-opens=java.base/java.util=ALL-UNNAMED --add-opens=java.prefs/java.util.prefs=ALL-UNNAMED --add-opens=java.base/java.nio.charset=ALL-UNNAMED --add-opens=java.base/java.net=ALL-UNNAMED --add-opens=java.base/java.util.concurrent.atomic=ALL-UNNAMED --add-opens=java.xml/javax.xml.namespace=ALL-UNNAMED -Xmx2048m -Dfile.encoding=UTF-8 -Duser.country=US -Duser.language=en -Duser.variant -javaagent:C:\Users\Nguyen Hai Dang\.gradle\wrapper\dists\gradle-8.13-bin\5xuhj0ry160q40clulazy9h7d\gradle-8.13\lib\agents\gradle-instrumentation-agent-8.13.jar 
java_command: org.gradle.launcher.daemon.bootstrap.GradleDaemon 8.13
java_class_path (initial): C:\Users\Nguyen Hai Dang\.gradle\wrapper\dists\gradle-8.13-bin\5xuhj0ry160q40clulazy9h7d\gradle-8.13\lib\gradle-daemon-main-8.13.jar
Launcher Type: SUN_STANDARD

[Global flags]
     intx CICompilerCount                          = 4                                         {product} {ergonomic}
     uint ConcGCThreads                            = 3                                         {product} {ergonomic}
     uint G1ConcRefinementThreads                  = 10                                        {product} {ergonomic}
   size_t G1HeapRegionSize                         = 1048576                                   {product} {ergonomic}
    uintx GCDrainStackTargetSize                   = 64                                        {product} {ergonomic}
   size_t InitialHeapSize                          = 255852544                                 {product} {ergonomic}
   size_t MarkStackSize                            = 4194304                                   {product} {ergonomic}
   size_t MaxHeapSize                              = 2147483648                                {product} {command line}
   size_t MaxNewSize                               = 1287651328                                {product} {ergonomic}
   size_t MinHeapDeltaBytes                        = 1048576                                   {product} {ergonomic}
   size_t MinHeapSize                              = 8388608                                   {product} {ergonomic}
    uintx NonNMethodCodeHeapSize                   = 5839372                                {pd product} {ergonomic}
    uintx NonProfiledCodeHeapSize                  = 122909434                              {pd product} {ergonomic}
    uintx ProfiledCodeHeapSize                     = 122909434                              {pd product} {ergonomic}
    uintx ReservedCodeCacheSize                    = 251658240                              {pd product} {ergonomic}
     bool SegmentedCodeCache                       = true                                      {product} {ergonomic}
   size_t SoftMaxHeapSize                          = 2147483648                             {manageable} {ergonomic}
     bool UseCompressedOops                        = true                           {product lp64_product} {ergonomic}
     bool UseG1GC                                  = true                                      {product} {ergonomic}
     bool UseLargePagesIndividualAllocation        = false                                  {pd product} {ergonomic}

Logging:
Log output configuration:
 #0: stdout all=warning uptime,level,tags foldmultilines=false
 #1: stderr all=off uptime,level,tags foldmultilines=false

Environment Variables:
JAVA_HOME=D:\Androi\jbr
PATH=C:\Program Files\Common Files\Oracle\Java\javapath;C:\windows\system32;C:\windows;C:\windows\System32\Wbem;C:\windows\System32\WindowsPowerShell\v1.0\;C:\windows\System32\OpenSSH\;C:\Program Files (x86)\NVIDIA Corporation\PhysX\Common;C:\Program Files\NVIDIA Corporation\NVIDIA NvDLISR;C:\msys64d\mingw64\bin;C:\msys64\mingw64\bin;C:\msys64\ucrt64\bin;C:\MinGW\bin;C:\cygwin64\bin;C:\Program Files\Java\jdk-17\bin;C:\Program Files (x86)\Microsoft SQL Server\160\Tools\Binn\;C:\Program Files\Microsoft SQL Server\160\Tools\Binn\;C:\Program Files\Microsoft SQL Server\Client SDK\ODBC\170\Tools\Binn\;C:\Program Files\Microsoft SQL Server\160\DTS\Binn\;C:\Program Files (x86)\Microsoft SQL Server\160\DTS\Binn\;C:\Windows\;\Users\Nguyen Hai Dang\AppData\Local\Programs\Python\Python312\;\Users\Nguyen Hai Dang\AppData\Local\Microsoft\WindowsApps\;C:\Program Files\Microsoft SQL Server\150\Tools\Binn\;C:\Program Files\Git\cmd;C:\Graphviz-12.2.0-win64\bin;C:\xampp\php;C:\Program Files\Cloudflare\Cloudflare WARP\;C:\WINDOWS\system32;C:\WINDOWS;C:\WINDOWS\System32\Wbem;C:\WINDOWS\System32\WindowsPowerShell\v1.0\;C:\WINDOWS\System32\OpenSSH\;C:\Program Files\nodejs\;C:\Program Files\Amazon\AWSCLIV2\;C:\Program Files\Git LFS;C:\Program Files\Docker\Docker\resources\bin;C:\Users\Nguyen Hai Dang\AppData\Local\Programs\Python\Python312\Scripts\;C:\Users\Nguyen Hai Dang\AppData\Local\Programs\Python\Python312\;C:\Users\Nguyen Hai Dang\AppData\Local\Microsoft\WindowsApps;C:\msys64\mingw64\bin;C:\Users\Nguyen Hai Dang\AppData\Local\Programs\Microsoft VS Code\bin;C:\Program Files\JetBrains\IntelliJ IDEA 2023.3.2\bin;;C:\Graphviz-12.2.0-win64\bin;C:\Users\Nguyen Hai Dang\AppData\Local\GitHubDesktop\bin;C:\Users\Nguyen Hai Dang\composer;C:\Users\Nguyen Hai Dang\AppData\Roaming\Composer\vendor\bin;C:\Users\Nguyen Hai Dang\AppData\Roaming\npm;C:\Users\Nguyen Hai Dang\AppData\Roaming\Python\Python312\Scripts;
USERNAME=Nguyen Hai Dang
OS=Windows_NT
PROCESSOR_IDENTIFIER=AMD64 Family 25 Model 68 Stepping 1, AuthenticAMD
TMP=C:\Users\NGUYEN~1\AppData\Local\Temp
TEMP=C:\Users\NGUYEN~1\AppData\Local\Temp




Periodic native trim disabled

JNI global refs:
JNI global refs: 30, weak refs: 2

JNI global refs memory usage: 835, weak refs: 833

Process memory usage:
Resident Set Size: 460880K (2% of 15930576K total physical memory with 643972K free physical memory)

OOME stack traces (most recent first):
Classloader memory used:
Loader org.gradle.internal.classloader.VisitableURLClassLoader                         : 50011K
Loader bootstrap                                                                       : 28124K
Loader org.gradle.internal.classloader.VisitableURLClassLoader$InstrumentingVisitableURLClassLoader: 23503K
Loader org.gradle.initialization.MixInLegacyTypesClassLoader                           : 12808K
Loader jdk.internal.loader.ClassLoaders$PlatformClassLoader                            : 511K
Loader jdk.internal.reflect.DelegatingClassLoader                                      : 286K
Loader jdk.internal.loader.ClassLoaders$AppClassLoader                                 : 235K
Loader org.gradle.internal.classloader.VisitableURLClassLoader                         : 229K
Loader org.gradle.groovy.scripts.internal.DefaultScriptCompilationHandler$ScriptClassLoader: 135K
Loader org.codehaus.groovy.runtime.callsite.CallSiteClassLoader                        : 27352B

Classes loaded by more than one classloader:
Class Program                                                                         : loaded 5 times (x 70B)
Class Build_gradle                                                                    : loaded 3 times (x 128B)
Class Build_gradle$1                                                                  : loaded 3 times (x 73B)
Class org.gradle.internal.classloader.FilteringClassLoader                            : loaded 2 times (x 103B)
Class com.google.common.base.CharMatcher$IsEither                                     : loaded 2 times (x 109B)
Class org.gradle.internal.classloader.ClassLoaderHierarchy                            : loaded 2 times (x 68B)
Class com.google.common.collect.ImmutableEnumSet                                      : loaded 2 times (x 144B)
Class com.google.common.util.concurrent.ExecutionError                                : loaded 2 times (x 80B)
Class com.google.common.collect.ImmutableList$1                                       : loaded 2 times (x 95B)
Class org.gradle.api.internal.classpath.ManifestUtil                                  : loaded 2 times (x 69B)
Class com.google.common.collect.RegularImmutableMap                                   : loaded 2 times (x 119B)
Class com.google.common.collect.ImmutableMap$MapViewOfValuesAsSingletonSets           : loaded 2 times (x 124B)
Class [Lorg.objectweb.asm.Symbol;                                                     : loaded 2 times (x 67B)
Class org.objectweb.asm.ClassVisitor                                                  : loaded 2 times (x 86B)
Class com.google.common.collect.UnmodifiableListIterator                              : loaded 2 times (x 93B)
Class com.google.common.base.Platform$JdkPatternCompiler                              : loaded 2 times (x 73B)
Class org.objectweb.asm.MethodTooLargeException                                       : loaded 2 times (x 81B)
Class [Lcom.google.common.cache.CacheBuilder$OneWeigher;                              : loaded 2 times (x 67B)
Class com.google.common.base.Suppliers                                                : loaded 2 times (x 69B)
Class org.gradle.internal.classloader.DefaultClassLoaderFactory                       : loaded 2 times (x 80B)
Class org.gradle.internal.classloader.ClassLoaderVisitor                              : loaded 2 times (x 74B)
Class [Lcom.google.common.collect.ImmutableMapEntry;                                  : loaded 2 times (x 67B)
Class org.gradle.api.internal.classpath.EffectiveClassPath                            : loaded 2 times (x 88B)
Class [Lorg.apache.commons.io.StandardLineSeparator;                                  : loaded 2 times (x 67B)
Class org.apache.commons.io.output.StringBuilderWriter                                : loaded 2 times (x 98B)
Class com.google.common.collect.ListMultimap                                          : loaded 2 times (x 68B)
Class com.google.common.collect.ImmutableEnumMap                                      : loaded 2 times (x 124B)
Class com.google.common.collect.Sets$1                                                : loaded 2 times (x 137B)
Class org.objectweb.asm.AnnotationVisitor                                             : loaded 2 times (x 76B)
Class org.gradle.api.internal.DefaultClassPathProvider                                : loaded 2 times (x 74B)
Class com.google.common.collect.Sets$2                                                : loaded 2 times (x 137B)
Class [Lorg.gradle.api.internal.ClassPathProvider;                                    : loaded 2 times (x 67B)
Class org.gradle.api.internal.ClassPathProvider                                       : loaded 2 times (x 68B)
Class [Lorg.objectweb.asm.AnnotationVisitor;                                          : loaded 2 times (x 67B)
Class com.google.common.collect.Sets$3                                                : loaded 2 times (x 137B)
Class com.google.common.util.concurrent.AbstractFuture$SafeAtomicHelper               : loaded 2 times (x 77B)
Class com.google.common.cache.LocalCache$LocalLoadingCache                            : loaded 2 times (x 132B)
Class org.gradle.internal.service.UnknownServiceException                             : loaded 2 times (x 81B)
Class com.google.common.collect.Sets$4                                                : loaded 2 times (x 137B)
Class org.objectweb.asm.ModuleVisitor                                                 : loaded 2 times (x 79B)
Class com.google.common.cache.LocalCache$Strength$1                                   : loaded 2 times (x 79B)
Class org.apache.commons.io.output.QueueOutputStream                                  : loaded 2 times (x 85B)
Class com.google.common.util.concurrent.SettableFuture                                : loaded 2 times (x 112B)
Class com.google.common.cache.LocalCache$Strength$2                                   : loaded 2 times (x 79B)
Class com.google.common.cache.LocalCache$Strength$3                                   : loaded 2 times (x 79B)
Class com.google.common.collect.MapDifference                                         : loaded 2 times (x 68B)
Class ijJvmDebugger1_ef8m1veyp0ol1q35xx5vipe5l$_run_closure1$_closure2                : loaded 2 times (x 138B)
Class org.objectweb.asm.FieldWriter                                                   : loaded 2 times (x 76B)
Class com.google.common.cache.CacheBuilder$NullListener                               : loaded 2 times (x 80B)
Class org.gradle.internal.classpath.TransformedClassPath                              : loaded 2 times (x 94B)
Class org.gradle.internal.classloader.InstrumentingClassLoader                        : loaded 2 times (x 68B)
Class org.apache.commons.io.output.UnsynchronizedByteArrayOutputStream                : loaded 2 times (x 100B)
Class com.google.common.cache.CacheLoader$FunctionToCacheLoader                       : loaded 2 times (x 73B)
Class com.google.common.collect.Iterators$ArrayItr                                    : loaded 2 times (x 95B)
Class com.google.common.collect.ImmutableCollection$Builder                           : loaded 2 times (x 74B)
Class org.apache.commons.io.output.ByteArrayOutputStream                              : loaded 2 times (x 100B)
Class com.google.common.base.Joiner                                                   : loaded 2 times (x 77B)
Class com.google.common.base.MoreObjects                                              : loaded 2 times (x 69B)
Class ijKotlinCoroutineJvmDebugInit1_6ijlri0fp49ekm6312sngnp6p$_run_closure1          : loaded 2 times (x 137B)
Class com.google.common.collect.Platform                                              : loaded 2 times (x 69B)
Class [Lorg.objectweb.asm.Type;                                                       : loaded 2 times (x 67B)
Class com.google.common.collect.UnmodifiableIterator                                  : loaded 2 times (x 78B)
Class org.gradle.internal.service.ServiceLocator                                      : loaded 2 times (x 68B)
Class com.google.common.base.Ascii                                                    : loaded 2 times (x 69B)
Class com.google.common.collect.SingletonImmutableBiMap                               : loaded 2 times (x 141B)
Class com.google.common.cache.LocalCache$1                                            : loaded 2 times (x 87B)
Class com.google.common.collect.AbstractMapEntry                                      : loaded 2 times (x 79B)
Class com.google.common.collect.Sets$ImprovedAbstractSet                              : loaded 2 times (x 133B)
Class com.google.common.collect.ImmutableList$Builder                                 : loaded 2 times (x 75B)
Class com.google.common.collect.AbstractMultimap                                      : loaded 2 times (x 121B)
Class com.google.common.cache.LocalCache$2                                            : loaded 2 times (x 140B)
Class com.google.common.util.concurrent.AbstractFuture$UnsafeAtomicHelper$1           : loaded 2 times (x 74B)
Class com.google.common.collect.RegularImmutableAsList                                : loaded 2 times (x 215B)
Class com.google.common.util.concurrent.AbstractFuture$Trusted                        : loaded 2 times (x 68B)
Class com.google.common.collect.Iterators                                             : loaded 2 times (x 69B)
Class com.google.common.collect.Lists$StringAsImmutableList                           : loaded 2 times (x 205B)
Class com.google.common.util.concurrent.UncheckedExecutionException                   : loaded 2 times (x 80B)
Class org.gradle.kotlin.dsl.VersionCatalogAccessorsKt                                 : loaded 2 times (x 69B)
Class ijKotlinCoroutineJvmDebugInit1_6ijlri0fp49ekm6312sngnp6p                        : loaded 2 times (x 177B)
Class org.gradle.internal.InternalTransformer                                         : loaded 2 times (x 68B)
Class com.google.common.collect.AbstractMapBasedMultimap$KeySet$1                     : loaded 2 times (x 80B)
Class org.objectweb.asm.ClassWriter                                                   : loaded 2 times (x 104B)
Class com.google.common.cache.CacheLoader$UnsupportedLoadingOperationException        : loaded 2 times (x 80B)
Class com.google.common.base.CharMatcher$And                                          : loaded 2 times (x 110B)
Class org.gradle.internal.classloader.ClasspathUtil$1                                 : loaded 2 times (x 74B)
Class org.objectweb.asm.FieldVisitor                                                  : loaded 2 times (x 75B)
Class com.google.common.collect.IndexedImmutableSet                                   : loaded 2 times (x 150B)
Class com.google.common.collect.BiMap                                                 : loaded 2 times (x 68B)
Class com.google.common.collect.ImmutableMap$1                                        : loaded 2 times (x 79B)
Class org.gradle.api.internal.classpath.DefaultModuleRegistry$DefaultModule           : loaded 2 times (x 84B)
Class com.google.common.primitives.Ints                                               : loaded 2 times (x 69B)
Class com.google.common.collect.AbstractIterator                                      : loaded 2 times (x 80B)
Class ijKotlinCoroutineJvmDebugInit1_6ijlri0fp49ekm6312sngnp6p$_run_closure1$_closure2: loaded 2 times (x 137B)
Class com.google.common.collect.ObjectArrays                                          : loaded 2 times (x 69B)
Class com.google.common.collect.RegularImmutableMap$KeySet                            : loaded 2 times (x 150B)
Class com.google.common.collect.ArrayListMultimapGwtSerializationDependencies         : loaded 2 times (x 170B)
Class com.google.common.collect.AbstractIndexedListIterator                           : loaded 2 times (x 94B)
Class com.google.common.math.MathPreconditions                                        : loaded 2 times (x 69B)
Class org.apache.commons.io.output.NullOutputStream                                   : loaded 2 times (x 83B)
Class com.google.common.collect.ImmutableMapEntrySet                                  : loaded 2 times (x 150B)
Class org.gradle.api.internal.classpath.Module                                        : loaded 2 times (x 68B)
Class com.google.common.cache.Weigher                                                 : loaded 2 times (x 68B)
Class org.gradle.api.internal.classpath.UnknownModuleException                        : loaded 2 times (x 80B)
Class com.google.common.base.Stopwatch                                                : loaded 2 times (x 70B)
Class com.google.common.cache.LocalCache$Strength                                     : loaded 2 times (x 79B)
Class com.google.common.cache.Cache                                                   : loaded 2 times (x 68B)
Class com.google.common.util.concurrent.AbstractFuture$Cancellation                   : loaded 2 times (x 70B)
Class com.google.common.collect.ImmutableMap$Builder                                  : loaded 2 times (x 80B)
Class com.google.common.cache.RemovalListener                                         : loaded 2 times (x 68B)
Class org.gradle.api.internal.DefaultClassPathRegistry                                : loaded 2 times (x 74B)
Class com.google.common.primitives.IntsMethodsForWeb                                  : loaded 2 times (x 69B)
Class com.google.common.collect.Multimap                                              : loaded 2 times (x 68B)
Class org.gradle.api.internal.ClassPathRegistry                                       : loaded 2 times (x 68B)
Class org.gradle.internal.classpath.DefaultClassPath$ImmutableUniqueList              : loaded 2 times (x 197B)
Class org.apache.commons.io.IOUtils                                                   : loaded 2 times (x 69B)
Class com.google.common.base.PairwiseEquivalence                                      : loaded 2 times (x 81B)
Class com.google.common.cache.CacheBuilder                                            : loaded 2 times (x 70B)
Class com.google.common.collect.SingletonImmutableList                                : loaded 2 times (x 205B)
Class Settings_gradle$1                                                               : loaded 2 times (x 72B)
Class org.gradle.internal.classpath.ClassPath                                         : loaded 2 times (x 68B)
Class org.gradle.api.UncheckedIOException                                             : loaded 2 times (x 80B)
Class com.google.common.base.JdkPattern                                               : loaded 2 times (x 73B)
Class com.google.common.collect.ImmutableList$ReverseImmutableList                    : loaded 2 times (x 207B)
Class org.objectweb.asm.SymbolTable$Entry                                             : loaded 2 times (x 72B)
Class com.google.common.util.concurrent.AbstractFuture$AtomicHelper                   : loaded 2 times (x 76B)
Class org.objectweb.asm.Edge                                                          : loaded 2 times (x 70B)
Class com.google.common.base.Suppliers$SupplierOfInstance                             : loaded 2 times (x 77B)
Class com.google.common.collect.Iterators$1                                           : loaded 2 times (x 79B)
Class com.google.common.cache.LocalCache$ComputingValueReference                      : loaded 2 times (x 94B)
Class com.google.common.collect.SingletonImmutableSet                                 : loaded 2 times (x 144B)
Class com.google.common.collect.ImmutableMap$IteratorBasedImmutableMap                : loaded 2 times (x 124B)
Class com.google.common.cache.LocalCache$Segment                                      : loaded 2 times (x 152B)
Class com.google.common.collect.AbstractListMultimap                                  : loaded 2 times (x 170B)
Class [Lorg.objectweb.asm.SymbolTable$Entry;                                          : loaded 2 times (x 67B)
Class com.google.common.cache.CacheLoader                                             : loaded 2 times (x 72B)
Class com.google.common.collect.Iterators$4                                           : loaded 2 times (x 80B)
Class com.google.common.collect.ImmutableBiMap                                        : loaded 2 times (x 141B)
Class org.gradle.internal.installation.GradleInstallation$1                           : loaded 2 times (x 73B)
Class org.gradle.api.internal.classpath.ModuleRegistry                                : loaded 2 times (x 68B)
Class org.apache.commons.io.output.NullWriter                                         : loaded 2 times (x 97B)
Class com.google.common.util.concurrent.internal.InternalFutureFailureAccess          : loaded 2 times (x 70B)
Class com.google.common.collect.Iterators$5                                           : loaded 2 times (x 80B)
Class com.google.common.collect.ImmutableSet$JdkBackedSetBuilderImpl                  : loaded 2 times (x 74B)
Class com.google.common.util.concurrent.AbstractFuture$UnsafeAtomicHelper             : loaded 2 times (x 76B)
Class com.google.common.cache.LocalCache$LocalManualCache$1                           : loaded 2 times (x 73B)
Class com.google.common.base.CharMatcher$ForPredicate                                 : loaded 2 times (x 110B)
Class com.google.common.base.CharMatcher$AnyOf                                        : loaded 2 times (x 110B)
Class com.google.common.collect.ImmutableCollection                                   : loaded 2 times (x 123B)
Class org.gradle.api.internal.classpath.DefaultModuleRegistry                         : loaded 2 times (x 84B)
Class com.google.common.collect.Lists                                                 : loaded 2 times (x 69B)
Class com.google.common.util.concurrent.ListenableFuture                              : loaded 2 times (x 68B)
Class com.google.common.cache.ReferenceEntry                                          : loaded 2 times (x 68B)
Class com.google.common.base.Converter                                                : loaded 2 times (x 88B)
Class com.google.common.collect.ImmutableSet$CachingAsList                            : loaded 2 times (x 146B)
Class com.google.common.collect.AbstractMapBasedMultimap                              : loaded 2 times (x 137B)
Class com.google.common.util.concurrent.AbstractFuture                                : loaded 2 times (x 104B)
Class com.google.common.base.FunctionalEquivalence                                    : loaded 2 times (x 81B)
Class com.google.common.collect.Iterators$9                                           : loaded 2 times (x 79B)
Class com.google.common.collect.ImmutableAsList                                       : loaded 2 times (x 207B)
Class org.objectweb.asm.RecordComponentVisitor                                        : loaded 2 times (x 75B)
Class com.google.common.cache.CacheLoader$SupplierToCacheLoader                       : loaded 2 times (x 73B)
Class com.google.common.collect.Maps$EntryTransformer                                 : loaded 2 times (x 68B)
Class org.gradle.internal.service.ServiceLookupException                              : loaded 2 times (x 80B)
Class [Lcom.google.common.cache.LocalCache$EntryFactory;                              : loaded 2 times (x 67B)
Class org.gradle.internal.classloader.ClassLoaderFactory                              : loaded 2 times (x 68B)
Class org.apache.commons.io.CloseableURLConnection                                    : loaded 2 times (x 114B)
Class com.google.common.base.CommonPattern                                            : loaded 2 times (x 72B)
Class com.google.common.cache.LocalCache$LocalManualCache                             : loaded 2 times (x 97B)
Class com.google.common.base.CharMatcher$IsNot                                        : loaded 2 times (x 109B)
Class org.gradle.internal.service.CachingServiceLocator                               : loaded 2 times (x 80B)
Class com.google.common.collect.AbstractMapBasedMultimap$KeySet                       : loaded 2 times (x 135B)
Class com.google.common.math.IntMath                                                  : loaded 2 times (x 69B)
Class org.objectweb.asm.commons.InstructionAdapter                                    : loaded 2 times (x 186B)
Class com.google.common.collect.ImmutableMapEntry                                     : loaded 2 times (x 83B)
Class com.google.common.base.Equivalence                                              : loaded 2 times (x 80B)
Class com.google.common.base.Function                                                 : loaded 2 times (x 68B)
Class com.google.common.collect.ImmutableMapEntry$NonTerminalImmutableMapEntry        : loaded 2 times (x 83B)
Class org.apache.commons.io.output.AbstractByteArrayOutputStream                      : loaded 2 times (x 100B)
Class com.google.common.cache.CacheBuilder$OneWeigher                                 : loaded 2 times (x 80B)
Class com.google.common.collect.RegularImmutableList                                  : loaded 2 times (x 211B)
Class org.gradle.internal.classloader.ClasspathUtil                                   : loaded 2 times (x 69B)
Class com.google.common.base.Charsets                                                 : loaded 2 times (x 69B)
Class com.google.common.util.concurrent.Uninterruptibles                              : loaded 2 times (x 69B)
Class com.google.common.collect.Maps                                                  : loaded 2 times (x 69B)
Class org.gradle.api.specs.Spec                                                       : loaded 2 times (x 68B)
Class [Lcom.google.common.collect.ImmutableEntry;                                     : loaded 2 times (x 67B)
Class com.google.common.cache.LocalCache$LoadingValueReference                        : loaded 2 times (x 94B)
Class com.google.common.collect.Multiset                                              : loaded 2 times (x 68B)
Class com.google.common.base.Platform                                                 : loaded 2 times (x 69B)
Class [Lorg.objectweb.asm.AnnotationWriter;                                           : loaded 2 times (x 67B)
Class com.google.common.collect.Maps$8                                                : loaded 2 times (x 80B)
Class com.google.common.collect.Sets$SetView                                          : loaded 2 times (x 136B)
Class com.google.common.cache.LocalCache$StrongValueReference                         : loaded 2 times (x 88B)
Class com.google.common.util.concurrent.AbstractFuture$SynchronizedHelper             : loaded 2 times (x 76B)
Class org.objectweb.asm.Type                                                          : loaded 2 times (x 70B)
Class org.gradle.internal.classloader.VisitableURLClassLoader$InstrumentingVisitableURLClassLoader: loaded 2 times (x 121B)
Class org.objectweb.asm.ByteVector                                                    : loaded 2 times (x 77B)
Class [Lcom.google.common.cache.CacheBuilder$NullListener;                            : loaded 2 times (x 67B)
Class com.google.common.math.IntMath$1                                                : loaded 2 times (x 69B)
Class org.gradle.internal.classloader.VisitableURLClassLoader$Spec                    : loaded 2 times (x 72B)
Class org.gradle.internal.classpath.DefaultClassPath                                  : loaded 2 times (x 88B)
Class org.objectweb.asm.Symbol                                                        : loaded 2 times (x 71B)
Class com.google.common.base.CharMatcher$Ascii                                        : loaded 2 times (x 110B)
Class com.google.common.base.CharMatcher$BitSetMatcher                                : loaded 2 times (x 110B)
Class com.google.common.collect.RegularImmutableMap$Values                            : loaded 2 times (x 205B)
Class com.google.common.collect.ImmutableSet                                          : loaded 2 times (x 143B)
Class org.gradle.internal.classloader.ClassLoaderSpec                                 : loaded 2 times (x 69B)
Class org.objectweb.asm.AnnotationWriter                                              : loaded 2 times (x 77B)
Class com.google.common.cache.CacheStats                                              : loaded 2 times (x 69B)
Class org.objectweb.asm.RecordComponentWriter                                         : loaded 2 times (x 76B)
Class com.google.common.util.concurrent.AbstractFuture$Listener                       : loaded 2 times (x 70B)
Class com.google.common.base.CharMatcher$Or                                           : loaded 2 times (x 110B)
Class Settings_gradle$1$1                                                             : loaded 2 times (x 72B)
Class org.objectweb.asm.Attribute                                                     : loaded 2 times (x 75B)
Class com.google.common.base.Supplier                                                 : loaded 2 times (x 68B)
Class org.gradle.internal.classloader.VisitableURLClassLoader                         : loaded 2 times (x 115B)
Class com.google.common.util.concurrent.AbstractFuture$Waiter                         : loaded 2 times (x 70B)
Class Settings_gradle                                                                 : loaded 2 times (x 126B)
Class ijJvmDebugger1_ef8m1veyp0ol1q35xx5vipe5l                                        : loaded 2 times (x 177B)
Class org.gradle.internal.Cast                                                        : loaded 2 times (x 69B)
Class org.gradle.api.Action                                                           : loaded 2 times (x 68B)
Class com.google.common.base.Strings                                                  : loaded 2 times (x 69B)
Class com.google.common.collect.Sets                                                  : loaded 2 times (x 69B)
Class org.objectweb.asm.Handler                                                       : loaded 2 times (x 70B)
Class com.google.common.base.Ticker                                                   : loaded 2 times (x 70B)
Class com.google.common.base.CharMatcher$FastMatcher                                  : loaded 2 times (x 109B)
Class [Lcom.google.common.cache.LocalCache$Segment;                                   : loaded 2 times (x 67B)
Class [Lcom.google.common.cache.LocalCache$Strength;                                  : loaded 2 times (x 67B)
Class com.google.common.cache.CacheBuilder$1                                          : loaded 2 times (x 83B)
Class com.google.common.base.Predicate                                                : loaded 2 times (x 68B)
Class com.google.common.collect.ImmutableMap                                          : loaded 2 times (x 118B)
Class org.gradle.internal.classpath.DefaultClassPath$ImmutableUniqueList$Builder      : loaded 2 times (x 73B)
Class com.google.common.cache.LocalCache                                              : loaded 2 times (x 185B)
Class com.google.common.cache.CacheBuilder$2                                          : loaded 2 times (x 77B)
Class com.google.common.base.CharMatcher$NegatedFastMatcher                           : loaded 2 times (x 111B)
Class com.google.common.collect.ArrayListMultimap                                     : loaded 2 times (x 170B)
Class com.google.common.cache.CacheBuilder$3                                          : loaded 2 times (x 70B)
Class [Lcom.google.common.collect.AbstractMapEntry;                                   : loaded 2 times (x 67B)
Class com.google.common.collect.ImmutableEntry                                        : loaded 2 times (x 80B)
Class org.gradle.api.GradleException                                                  : loaded 2 times (x 80B)
Class org.apache.commons.io.StandardLineSeparator                                     : loaded 2 times (x 77B)
Class com.google.common.collect.CollectPreconditions                                  : loaded 2 times (x 69B)
Class com.google.common.collect.SortedMapDifference                                   : loaded 2 times (x 68B)
Class com.google.common.cache.LocalCache$EntryFactory                                 : loaded 2 times (x 81B)
Class com.google.common.cache.LocalCache$AbstractReferenceEntry                       : loaded 2 times (x 105B)
Class org.gradle.internal.IoActions                                                   : loaded 2 times (x 69B)
Class org.objectweb.asm.SymbolTable                                                   : loaded 2 times (x 70B)
Class com.google.common.cache.CacheLoader$InvalidCacheLoadException                   : loaded 2 times (x 80B)
Class com.google.common.collect.ImmutableSet$RegularSetBuilderImpl                    : loaded 2 times (x 75B)
Class org.gradle.internal.classloader.SystemClassLoaderSpec                           : loaded 2 times (x 69B)
Class com.google.common.cache.LocalCache$StrongEntry                                  : loaded 2 times (x 106B)
Class com.google.common.util.concurrent.AbstractFuture$TrustedFuture                  : loaded 2 times (x 112B)
Class com.google.common.cache.LoadingCache                                            : loaded 2 times (x 68B)
Class org.objectweb.asm.MethodWriter                                                  : loaded 2 times (x 104B)
Class [Lcom.google.common.cache.Weigher;                                              : loaded 2 times (x 67B)
Class com.google.common.collect.RegularImmutableMap$BucketOverflowException           : loaded 2 times (x 80B)
Class com.google.common.collect.RegularImmutableBiMap                                 : loaded 2 times (x 147B)
Class com.google.common.cache.LocalCache$ValueReference                               : loaded 2 times (x 68B)
Class com.google.common.base.CharMatcher$Is                                           : loaded 2 times (x 109B)
Class com.google.common.base.CharMatcher$Negated                                      : loaded 2 times (x 111B)
Class com.google.common.base.PatternCompiler                                          : loaded 2 times (x 68B)
Class com.google.common.util.concurrent.AbstractFuture$Failure                        : loaded 2 times (x 70B)
Class com.google.common.base.Equivalence$Equals                                       : loaded 2 times (x 80B)
Class com.google.common.collect.Hashing                                               : loaded 2 times (x 69B)
Class com.google.common.base.Preconditions                                            : loaded 2 times (x 69B)
Class com.google.common.base.Joiner$1                                                 : loaded 2 times (x 78B)
Class org.objectweb.asm.Label                                                         : loaded 2 times (x 71B)
Class org.objectweb.asm.CurrentFrame                                                  : loaded 2 times (x 71B)
Class org.objectweb.asm.ClassTooLargeException                                        : loaded 2 times (x 81B)
Class com.google.common.base.CharMatcher                                              : loaded 2 times (x 109B)
Class com.google.common.collect.PeekingIterator                                       : loaded 2 times (x 68B)
Class com.google.common.base.Joiner$2                                                 : loaded 2 times (x 77B)
Class org.objectweb.asm.Frame                                                         : loaded 2 times (x 71B)
Class org.objectweb.asm.MethodVisitor                                                 : loaded 2 times (x 103B)
Class com.google.common.cache.LocalCache$EntryFactory$1                               : loaded 2 times (x 81B)
Class [Lcom.google.common.cache.RemovalListener;                                      : loaded 2 times (x 67B)
Class com.google.common.base.CharMatcher$NamedFastMatcher                             : loaded 2 times (x 110B)
Class com.google.common.base.CharMatcher$1                                            : loaded 2 times (x 111B)
Class com.google.common.cache.LocalCache$EntryFactory$2                               : loaded 2 times (x 81B)
Class org.gradle.api.internal.classpath.GlobalCacheRootsProvider                      : loaded 2 times (x 68B)
Class org.objectweb.asm.ModuleWriter                                                  : loaded 2 times (x 80B)
Class com.google.common.cache.LocalCache$EntryFactory$3                               : loaded 2 times (x 81B)
Class com.google.common.base.Ticker$1                                                 : loaded 2 times (x 70B)
Class com.google.common.collect.Maps$BiMapConverter                                   : loaded 2 times (x 88B)
Class com.google.common.collect.ImmutableMapEntrySet$RegularEntrySet                  : loaded 2 times (x 150B)
Class com.google.common.cache.LocalCache$EntryFactory$4                               : loaded 2 times (x 81B)
Class com.google.common.base.CharMatcher$InRange                                      : loaded 2 times (x 109B)
Class com.google.common.collect.ImmutableSet$Builder                                  : loaded 2 times (x 83B)
Class com.google.common.cache.LocalCache$EntryFactory$5                               : loaded 2 times (x 81B)
Class com.google.common.base.Equivalence$Identity                                     : loaded 2 times (x 80B)
Class org.apache.commons.io.output.AppendableWriter                                   : loaded 2 times (x 98B)
Class com.google.common.cache.LocalCache$EntryFactory$6                               : loaded 2 times (x 81B)
Class ijJvmDebugger1_ef8m1veyp0ol1q35xx5vipe5l$_run_closure1                          : loaded 2 times (x 137B)
Class org.gradle.internal.installation.CurrentGradleInstallationLocator               : loaded 2 times (x 69B)
Class org.apache.commons.io.output.ThresholdingOutputStream                           : loaded 2 times (x 93B)
Class com.google.common.collect.Maps$KeySet                                           : loaded 2 times (x 135B)
Class com.google.common.cache.LocalCache$EntryFactory$7                               : loaded 2 times (x 81B)
Class com.google.common.collect.ImmutableSet$EmptySetBuilderImpl                      : loaded 2 times (x 74B)
Class com.google.common.collect.ImmutableList                                         : loaded 2 times (x 204B)
Class org.gradle.internal.service.DefaultServiceLocator                               : loaded 2 times (x 81B)
Class com.google.common.cache.LocalCache$EntryFactory$8                               : loaded 2 times (x 81B)
Class com.google.common.collect.ImmutableSet$SetBuilderImpl                           : loaded 2 times (x 74B)
Class org.gradle.internal.installation.CurrentGradleInstallation                      : loaded 2 times (x 71B)
Class com.google.common.cache.CacheLoader$1                                           : loaded 2 times (x 73B)
Class com.google.common.collect.ImmutableList$SubList                                 : loaded 2 times (x 207B)
Class org.gradle.util.internal.GUtil                                                  : loaded 2 times (x 69B)
Class com.google.common.util.concurrent.AbstractFuture$SetFuture                      : loaded 2 times (x 73B)
Class com.google.common.cache.AbstractCache$StatsCounter                              : loaded 2 times (x 68B)
Class com.google.common.collect.Iterators$MergingIterator                             : loaded 2 times (x 79B)
Class com.google.common.collect.RegularImmutableSet                                   : loaded 2 times (x 147B)
Class org.gradle.internal.installation.GradleInstallation                             : loaded 2 times (x 73B)
Class com.google.common.collect.Iterables                                             : loaded 2 times (x 69B)

---------------  S Y S T E M  ---------------

OS:
 Windows 11 , 64 bit Build 26100 (10.0.26100.7019)
OS uptime: 5 days 19:55 hours
Hyper-V role detected

CPU: total 12 (initial active 12) (12 cores per cpu, 2 threads per core) family 25 model 68 stepping 1 microcode 0xa404105, cx8, cmov, fxsr, ht, mmx, 3dnowpref, sse, sse2, sse3, ssse3, sse4a, sse4.1, sse4.2, popcnt, lzcnt, tsc, tscinvbit, avx, avx2, aes, erms, clmul, bmi1, bmi2, adx, sha, fma, vzeroupper, clflush, clflushopt, hv, rdtscp, rdpid, fsrm, f16c, cet_ss
Processor Information for processor 0
  Max Mhz: 3301, Current Mhz: 3301, Mhz Limit: 3301
Processor Information for processor 1
  Max Mhz: 3301, Current Mhz: 3301, Mhz Limit: 3301
Processor Information for processor 2
  Max Mhz: 3301, Current Mhz: 3301, Mhz Limit: 3301
Processor Information for processor 3
  Max Mhz: 3301, Current Mhz: 2008, Mhz Limit: 3301
Processor Information for processor 4
  Max Mhz: 3301, Current Mhz: 3301, Mhz Limit: 3301
Processor Information for processor 5
  Max Mhz: 3301, Current Mhz: 3301, Mhz Limit: 3301
Processor Information for processor 6
  Max Mhz: 3301, Current Mhz: 3301, Mhz Limit: 3301
Processor Information for processor 7
  Max Mhz: 3301, Current Mhz: 3301, Mhz Limit: 3301
Processor Information for processor 8
  Max Mhz: 3301, Current Mhz: 2008, Mhz Limit: 3301
Processor Information for processor 9
  Max Mhz: 3301, Current Mhz: 2008, Mhz Limit: 3301
Processor Information for processor 10
  Max Mhz: 3301, Current Mhz: 3301, Mhz Limit: 3301
Processor Information for processor 11
  Max Mhz: 3301, Current Mhz: 3301, Mhz Limit: 3301

Memory: 4k page, system-wide physical 15557M (607M free)
TotalPageFile size 44392M (AvailPageFile size 13M)
current process WorkingSet (physical memory assigned to process): 464M, peak: 484M
current process commit charge ("private bytes"): 517M, peak: 532M

vm_info: OpenJDK 64-Bit Server VM (21.0.7+-13880790-b1038.58) for windows-amd64 JRE (21.0.7+-13880790-b1038.58), built on 2025-08-04T20:56:21Z by "builder" with MS VC++ 16.10 / 16.11 (VS2019)

END.
